LAT.,LONG.,Event,Transmit T,GPS Time
-20.4246,-51.733033,End of movement,2021/12/01 12:59,2021/12/01 12:59
-21.106799,-52.269532,Engine start,2021/12/22 17:31,2021/12/22 17:31
-21.106966,-52.269299,End of movement,2021/12/22 17:38,2021/12/22 17:38
-20.424633,-51.733033,Engine start,2021/12/01 13:04,2021/12/01 13:04
-20.426099,-51.733733,Travel Dispatch,2021/12/01 13:12,2021/12/01 13:12
-21.107032,-52.269299,Daily Data,2021/12/23 1:22,2021/12/23 1:22
-21.118533,-52.279466,Travel Dispatch,2021/12/23 19:51,2021/12/23 19:51
-21.117666,-52.278932,Travel Dispatch,2021/12/23 19:54,2021/12/23 19:54
-21.1165,-52.278433,Engine stop,2021/12/23 20:01,2021/12/23 20:01
-21.019199,-52.480233,Engine start,2021/11/02 12:24,2021/11/02 12:24
-21.019133,-52.4802,End of movement,2021/11/02 12:29,2021/11/02 12:29
-21.019966,-52.480467,Engine start,2021/11/02 13:14,2021/11/02 13:14
-21.020066,-52.480399,Engine start,2021/11/02 13:23,2021/11/02 13:23
-20.426233,-51.733733,End of movement,2021/12/01 13:22,2021/12/01 13:22
-20.415599,-51.733266,Travel Dispatch,2021/12/01 14:03,2021/12/01 14:03
-21.021332,-52.4807,End of movement,2021/11/02 13:24,2021/11/02 13:24
-21.019833,-52.480433,End of movement,2021/11/02 13:31,2021/11/02 13:31
-20.425533,-51.7334,Engine start,2021/12/01 14:07,2021/12/01 14:07
-20.425533,-51.7334,End of movement,2021/12/01 14:09,2021/12/01 14:09
-20.415566,-51.733266,End of movement,2021/12/01 14:13,2021/12/01 14:13
-20.4157,-51.7332,Engine stop,2021/12/01 14:42,2021/12/01 14:42
-20.4251,-51.7332,Travel Dispatch,2021/12/01 14:58,2021/12/01 14:58
-20.423466,-51.7327,End of movement,2021/12/01 15:08,2021/12/01 15:08
-20.414466,-51.732799,Travel Dispatch,2021/12/01 15:37,2021/12/01 15:37
-20.4145,-51.732766,End of movement,2021/12/01 15:47,2021/12/01 15:47
-20.424633,-51.733066,Engine start,2021/12/01 15:55,2021/12/01 15:55
-20.424899,-51.733133,End of movement,2021/12/01 16:03,2021/12/01 16:03
-20.414532,-51.732632,Travel Dispatch,2021/12/01 16:29,2021/12/01 16:29
-20.415,-51.732266,End of movement,2021/12/01 16:39,2021/12/01 16:39
-20.414933,-51.732433,Engine stop,2021/12/01 16:40,2021/12/01 16:40
-20.415599,-51.726332,Travel Dispatch,2021/12/01 19:03,2021/12/01 19:03
-20.416133,-51.726566,End of movement,2021/12/01 19:13,2021/12/01 19:13
-20.416533,-51.7282,Travel Dispatch,2021/12/01 20:00,2021/12/01 20:00
-20.415999,-51.728099,Engine stop,2021/12/01 20:07,2021/12/01 20:07
-20.4159,-51.728099,End of movement,2021/12/01 20:10,2021/12/01 20:10
-20.412333,-51.723166,Travel Dispatch,2021/12/01 20:21,2021/12/01 20:21
-20.413499,-51.723666,Travel Dispatch,2021/12/01 20:29,2021/12/01 20:29
-20.406199,-51.720499,End of movement,2021/12/01 20:36,2021/12/01 20:36
-20.407133,-51.717766,End of movement,2021/12/01 20:49,2021/12/01 20:49
-20.406233,-51.720366,Engine stop,2021/12/01 21:11,2021/12/01 21:11
-20.414333,-51.732799,Engine stop,2021/12/01 21:23,2021/12/01 21:23
-20.679133,-52.149933,Travel Dispatch,2021/11/23 12:14,2021/11/23 12:14
-20.679466,-52.150233,Travel Dispatch,2021/11/23 12:14,2021/11/23 12:14
-21.116067,-52.278033,End of movement,2021/12/23 20:01,2021/12/23 20:01
-21.116566,-52.278366,End of movement,2021/12/23 20:04,2021/12/23 20:04
-20.6795,-52.150233,Engine start,2021/11/23 12:19,2021/11/23 12:19
-20.678366,-52.1496,End of movement,2021/11/23 12:24,2021/11/23 12:24
-20.6795,-52.150266,End of movement,2021/11/23 12:27,2021/11/23 12:27
-20.677299,-52.151366,Engine stop,2021/11/23 18:20,2021/11/23 18:20
-20.679633,-52.151099,Daily Data,2021/11/24 1:26,2021/11/24 1:26
-20.678366,-52.1495,Daily Data,2021/11/24 1:31,2021/11/24 1:31
-20.675999,-52.154,Daily Data,2021/11/25 1:27,2021/11/25 1:27
-20.677899,-52.1532,Daily Data,2021/11/25 1:32,2021/11/25 1:32
-20.674299,-52.147133,Daily Data,2021/11/26 1:28,2021/11/26 1:28
-20.672866,-52.146633,Daily Data,2021/11/26 1:33,2021/11/26 1:33
-20.675266,-52.148232,Daily Data,2021/11/27 1:29,2021/11/27 1:29
-20.672766,-52.147899,Daily Data,2021/11/27 1:34,2021/11/27 1:34
-20.672133,-52.144433,Daily Data,2021/11/28 1:30,2021/11/28 1:30
-20.671099,-52.143832,Daily Data,2021/11/28 1:35,2021/11/28 1:35
-20.670499,-52.1433,Travel Dispatch,2021/11/28 4:19,2021/11/28 4:19
-20.670433,-52.143232,End of movement,2021/11/28 4:29,2021/11/28 4:29
-20.669366,-52.142166,Travel Dispatch,2021/11/28 5:41,2021/11/28 5:41
-20.669299,-52.142233,End of movement,2021/11/28 5:51,2021/11/28 5:51
-20.669633,-52.141866,Engine stop,2021/11/28 7:48,2021/11/28 7:48
-20.673099,-52.143932,Daily Data,2021/11/29 1:31,2021/11/29 1:31
-20.6696,-52.144,Daily Data,2021/11/29 1:36,2021/11/29 1:36
-20.673466,-52.143066,Daily Data,2021/11/30 1:32,2021/11/30 1:32
-20.673832,-52.141699,Daily Data,2021/11/30 1:37,2021/11/30 1:37
-20.672566,-52.140299,Engine stop,2021/11/30 5:07,2021/11/30 5:07
-20.6739,-52.140333,Daily Data,2021/12/01 1:33,2021/12/01 1:33
-20.675399,-52.137967,Daily Data,2021/12/01 1:38,2021/12/01 1:38
-20.673866,-52.139933,Daily Data,2021/12/02 1:34,2021/12/02 1:34
-20.676667,-52.137733,Daily Data,2021/12/02 1:39,2021/12/02 1:39
-21.120266,-52.275066,Travel Dispatch,2021/12/23 20:22,2021/12/23 20:22
-21.118733,-52.279733,Engine start,2021/12/23 20:31,2021/12/23 20:31
-21.119366,-52.279532,Engine start,2021/12/23 20:32,2021/12/23 20:32
-21.118966,-52.279899,End of movement,2021/12/23 20:38,2021/12/23 20:38
-21.119433,-52.279466,End of movement,2021/12/23 20:38,2021/12/23 20:38
-21.114566,-52.276466,Engine stop,2021/12/23 21:35,2021/12/23 21:35
-21.116366,-52.278099,Daily Data,2021/12/24 1:06,2021/12/24 1:06
-21.116699,-52.2782,Daily Data,2021/12/24 1:19,2021/12/24 1:19
-21.117967,-52.2789,Daily Data,2021/12/24 1:22,2021/12/24 1:22
-21.108966,-52.270666,Daily Data,2021/12/24 1:23,2021/12/24 1:23
-21.116099,-52.2777,Daily Data,2021/12/24 1:40,2021/12/24 1:40
-21.118966,-52.279799,Daily Data,2021/12/25 8:11,2021/12/24 19:36
-21.119133,-52.279699,Daily Data,2021/12/25 8:11,2021/12/24 19:37
-21.108066,-52.267233,Daily Data,2021/12/25 8:08,2021/12/24 19:45
-21.119233,-52.279532,Daily Data,2021/12/25 9:11,2021/12/24 20:36
-21.118567,-52.279532,Daily Data,2021/12/25 9:13,2021/12/24 20:40
-21.116633,-52.276466,Daily Data,2021/12/26 1:08,2021/12/26 1:08
-21.119933,-52.277032,Daily Data,2021/12/26 1:21,2021/12/26 1:21
-21.118633,-52.276566,Daily Data,2021/12/26 1:24,2021/12/26 1:24
-21.112566,-52.274766,Daily Data,2021/12/26 1:25,2021/12/26 1:25
-21.120066,-52.278033,Daily Data,2021/12/26 1:42,2021/12/26 1:42
-21.115966,-52.275132,Travel Dispatch,2021/12/26 4:31,2021/12/26 4:31
-21.116067,-52.2751,End of movement,2021/12/26 4:41,2021/12/26 4:41
-21.116067,-52.2751,Engine stop,2021/12/26 4:42,2021/12/26 4:42
-21.1158,-52.275732,Daily Data,2021/12/27 1:09,2021/12/27 1:09
-21.118166,-52.275666,Daily Data,2021/12/27 1:22,2021/12/27 1:22
-21.117,-52.272799,Daily Data,2021/12/27 1:25,2021/12/27 1:25
-21.117666,-52.273366,Daily Data,2021/12/27 1:26,2021/12/27 1:26
-21.115433,-52.275866,Daily Data,2021/12/27 1:43,2021/12/27 1:43
-21.120399,-52.2752,Daily Data,2021/12/28 1:10,2021/12/28 1:10
-21.1209,-52.275499,Daily Data,2021/12/28 1:23,2021/12/28 1:23
-21.1165,-52.274299,Daily Data,2021/12/28 1:26,2021/12/28 1:26
-20.674699,-52.139966,Daily Data,2021/12/03 1:35,2021/12/03 1:35
-20.675966,-52.136199,Daily Data,2021/12/03 1:40,2021/12/03 1:40
-20.679433,-52.141799,Travel Dispatch,2021/12/03 5:30,2021/12/03 5:30
-20.679366,-52.141799,End of movement,2021/12/03 5:40,2021/12/03 5:40
-20.6783,-52.1363,Travel Dispatch,2021/12/03 7:03,2021/12/03 7:03
-20.678266,-52.136166,End of movement,2021/12/03 7:24,2021/12/03 7:24
-20.678666,-52.142032,Engine stop,2021/12/03 22:53,2021/12/03 22:53
-20.677999,-52.141466,Daily Data,2021/12/04 1:36,2021/12/04 1:36
-20.683766,-52.140433,Daily Data,2021/12/04 1:41,2021/12/04 1:41
-20.683633,-52.140633,Engine stop,2021/12/04 7:53,2021/12/04 7:53
-20.677933,-52.140233,Daily Data,2021/12/05 1:37,2021/12/05 1:37
-20.682,-52.139566,Daily Data,2021/12/05 1:42,2021/12/05 1:42
-20.680633,-52.132199,Travel Dispatch,2021/12/05 16:08,2021/12/05 16:08
-20.680732,-52.1321,Engine stop,2021/12/05 16:10,2021/12/05 16:10
-20.680732,-52.131866,End of movement,2021/12/05 16:24,2021/12/05 16:24
-20.677566,-52.129,Engine stop,2021/12/05 20:28,2021/12/05 20:28
-20.679933,-52.131466,Daily Data,2021/12/06 1:38,2021/12/06 1:38
-20.678599,-52.127299,Daily Data,2021/12/06 1:43,2021/12/06 1:43
-20.678699,-52.126566,Travel Dispatch,2021/12/06 15:16,2021/12/06 15:16
-20.678832,-52.126833,End of movement,2021/12/06 15:29,2021/12/06 15:29
-20.6851,-52.123499,Daily Data,2021/12/07 1:39,2021/12/07 1:39
-20.679299,-52.126699,Daily Data,2021/12/07 1:44,2021/12/07 1:44
-20.687233,-52.122266,Travel Dispatch,2021/12/07 23:44,2021/12/07 23:44
-20.687399,-52.120766,End of movement,2021/12/07 23:54,2021/12/07 23:54
-21.116366,-52.274466,Daily Data,2021/12/28 1:27,2021/12/28 1:27
-21.1183,-52.275132,Daily Data,2021/12/28 1:44,2021/12/28 1:44
-21.113133,-52.270233,Travel Dispatch,2021/12/28 3:47,2021/12/28 3:47
-21.109733,-52.266366,End of movement,2021/12/28 4:02,2021/12/28 4:02
-21.1108,-52.266766,Engine stop,2021/12/28 5:15,2021/12/28 5:15
-21.120766,-52.275132,Daily Data,2021/12/29 1:11,2021/12/29 1:11
-21.121133,-52.273666,Daily Data,2021/12/29 1:24,2021/12/29 1:24
-21.110333,-52.265599,Daily Data,2021/12/29 1:27,2021/12/29 1:27
-20.687199,-52.121033,Daily Data,2021/12/08 1:40,2021/12/08 1:40
-20.682799,-52.122799,Daily Data,2021/12/08 1:45,2021/12/08 1:45
-20.686933,-52.119933,Engine stop,2021/12/08 3:36,2021/12/08 3:36
-20.683699,-52.120366,Daily Data,2021/12/09 1:00,2021/12/09 1:00
-20.686166,-52.118766,Daily Data,2021/12/09 1:41,2021/12/09 1:41
-20.685366,-52.119,Engine stop,2021/12/09 10:39,2021/12/09 10:39
-20.685499,-52.117233,Travel Dispatch,2021/12/09 11:59,2021/12/09 11:59
-20.684299,-52.1151,End of movement,2021/12/09 12:09,2021/12/09 12:09
-20.681933,-52.114666,Daily Data,2021/12/10 1:01,2021/12/10 1:01
-20.683599,-52.1144,Daily Data,2021/12/10 1:42,2021/12/10 1:42
-20.6814,-52.115999,Daily Data,2021/12/11 1:02,2021/12/11 1:02
-20.680399,-52.120066,Daily Data,2021/12/11 1:43,2021/12/11 1:43
-20.6784,-52.118832,Travel Dispatch,2021/12/11 10:40,2021/12/11 10:40
-20.678466,-52.118832,End of movement,2021/12/11 11:08,2021/12/11 11:08
-20.6777,-52.123499,Daily Data,2021/12/12 1:03,2021/12/12 1:03
-20.679933,-52.121133,Daily Data,2021/12/12 1:44,2021/12/12 1:44
-20.6764,-52.1177,Engine stop,2021/12/12 12:49,2021/12/12 12:49
-20.680299,-52.1138,Daily Data,2021/12/13 1:04,2021/12/13 1:04
-20.677433,-52.114766,Daily Data,2021/12/13 1:45,2021/12/13 1:45
-20.677933,-52.109233,Travel Dispatch,2021/12/13 13:30,2021/12/13 13:30
-20.677733,-52.109099,End of movement,2021/12/13 13:40,2021/12/13 13:40
-20.677933,-52.111966,Daily Data,2021/12/14 1:00,2021/12/14 1:00
-20.678266,-52.114532,Daily Data,2021/12/14 1:05,2021/12/14 1:05
-20.677632,-52.107032,Engine stop,2021/12/14 9:16,2021/12/14 9:16
-20.676332,-52.108099,Daily Data,2021/12/15 1:01,2021/12/15 1:01
-20.676466,-52.107,Engine stop,2021/12/15 2:23,2021/12/15 2:23
-20.675366,-52.105499,Travel Dispatch,2021/12/15 6:44,2021/12/15 6:44
-20.675433,-52.105467,End of movement,2021/12/15 6:54,2021/12/15 6:54
-20.677299,-52.1046,Daily Data,2021/12/16 1:02,2021/12/16 1:02
-20.676733,-52.103567,Daily Data,2021/12/16 1:07,2021/12/16 1:07
-20.679899,-52.095866,Travel Dispatch,2021/12/16 9:39,2021/12/16 9:39
-20.679199,-52.096466,End of movement,2021/12/16 9:49,2021/12/16 9:49
-20.488766,-51.780467,Travel Dispatch,2021/08/06 15:17,2021/08/06 15:17
-20.485433,-51.7888,Travel Dispatch,2021/08/17 10:59,2021/08/17 10:59
-20.494899,-51.778966,Travel Dispatch,2021/08/17 11:02,2021/08/17 11:02
-20.4834,-51.781799,Travel Dispatch,2021/08/17 11:06,2021/08/17 11:06
-20.505533,-51.801067,Engine start,2021/08/17 11:15,2021/08/17 11:15
-20.5051,-51.801166,Engine start,2021/08/17 11:17,2021/08/17 11:17
-20.505333,-51.801099,End of movement,2021/08/17 11:20,2021/08/17 11:20
-20.504566,-51.801332,Engine start,2021/08/17 11:23,2021/08/17 11:23
-20.504833,-51.801199,End of movement,2021/08/17 11:23,2021/08/17 11:23
-20.504333,-51.801366,End of movement,2021/08/17 11:31,2021/08/17 11:31
-20.485499,-51.781133,Travel Dispatch,2021/08/17 12:06,2021/08/17 12:06
-20.504066,-51.801432,Engine start,2021/08/17 12:27,2021/08/17 12:27
-20.504066,-51.801432,End of movement,2021/08/17 12:29,2021/08/17 12:29
-20.508166,-51.803733,Daily Data,2021/08/18 1:04,2021/08/18 1:04
-20.509266,-51.804167,Daily Data,2021/08/18 1:16,2021/08/18 1:16
-20.504167,-51.803966,Daily Data,2021/08/18 1:29,2021/08/18 1:29
-20.510533,-51.802333,Daily Data,2021/08/18 1:33,2021/08/18 1:33
-20.507433,-51.802999,Daily Data,2021/08/19 1:05,2021/08/19 1:05
-20.508599,-51.804066,Daily Data,2021/08/19 1:17,2021/08/19 1:17
-20.504466,-51.8046,Daily Data,2021/08/19 1:30,2021/08/19 1:30
-20.507933,-51.805333,Daily Data,2021/08/19 1:34,2021/08/19 1:34
-20.5088,-51.805266,Daily Data,2021/08/20 1:06,2021/08/20 1:06
-20.505499,-51.801667,Daily Data,2021/08/20 1:18,2021/08/20 1:18
-20.505033,-51.8013,Daily Data,2021/08/20 1:31,2021/08/20 1:31
-20.506533,-51.8039,Daily Data,2021/08/20 1:35,2021/08/20 1:35
-20.505999,-51.8083,Daily Data,2021/08/21 1:07,2021/08/21 1:07
-20.507533,-51.807967,Daily Data,2021/08/21 1:19,2021/08/21 1:19
-20.507233,-51.805633,Daily Data,2021/08/21 1:32,2021/08/21 1:32
-20.5071,-51.807032,Daily Data,2021/08/21 1:36,2021/08/21 1:36
-20.508932,-51.8108,Travel Dispatch,2021/08/21 5:33,2021/08/21 5:33
-20.509033,-51.810833,End of movement,2021/08/21 5:43,2021/08/21 5:43
-20.5088,-51.8108,Engine stop,2021/08/21 7:37,2021/08/21 7:37
-21.119733,-52.273932,Daily Data,2021/12/29 1:28,2021/12/29 1:28
-21.121933,-52.2751,Daily Data,2021/12/29 1:45,2021/12/29 1:45
-21.124033,-52.274033,Engine stop,2021/12/29 13:38,2021/12/29 13:38
-21.121332,-52.275533,Daily Data,2021/12/30 1:00,2021/12/30 1:00
-21.124566,-52.2734,Daily Data,2021/12/30 1:12,2021/12/30 1:12
-21.122666,-52.270599,Daily Data,2021/12/30 1:25,2021/12/30 1:25
-21.11,-52.263966,Daily Data,2021/12/30 1:28,2021/12/30 1:28
-21.122133,-52.271332,Daily Data,2021/12/30 1:29,2021/12/30 1:29
-21.125132,-52.272833,Travel Dispatch,2021/12/30 9:18,2021/12/30 9:18
-21.125433,-52.272399,End of movement,2021/12/30 9:28,2021/12/30 9:28
-21.121933,-52.273166,Daily Data,2021/12/31 1:01,2021/12/31 1:01
-21.124766,-52.272466,Daily Data,2021/12/31 1:13,2021/12/31 1:13
-20.509133,-51.810966,Travel Dispatch,2021/08/21 8:00,2021/08/21 8:00
-20.510966,-51.806966,End of movement,2021/08/21 8:20,2021/08/21 8:20
-20.5077,-51.8114,Engine stop,2021/08/21 14:38,2021/08/21 14:38
-21.121667,-52.270566,Daily Data,2021/12/31 1:26,2021/12/31 1:26
-20.504933,-51.807733,Daily Data,2021/08/22 1:08,2021/08/22 1:08
-20.509099,-51.808033,Daily Data,2021/08/22 1:20,2021/08/22 1:20
-20.5077,-51.809266,Daily Data,2021/08/22 1:33,2021/08/22 1:33
-20.508533,-51.8071,Daily Data,2021/08/22 1:37,2021/08/22 1:37
-20.507632,-51.811033,Travel Dispatch,2021/08/22 8:55,2021/08/22 8:55
-20.5075,-51.811166,Engine stop,2021/08/22 8:56,2021/08/22 8:56
-20.507367,-51.810333,End of movement,2021/08/22 9:09,2021/08/22 9:09
-20.504,-51.8107,Travel Dispatch,2021/08/22 15:41,2021/08/22 15:41
-20.504,-51.8107,Engine stop,2021/08/22 15:49,2021/08/22 15:49
-20.503966,-51.8107,End of movement,2021/08/22 15:51,2021/08/22 15:51
-20.506166,-51.808966,Daily Data,2021/08/23 1:09,2021/08/23 1:09
-20.506067,-51.810999,Daily Data,2021/08/23 1:21,2021/08/23 1:21
-20.506833,-51.810533,Daily Data,2021/08/23 1:34,2021/08/23 1:34
-20.504099,-51.811566,Daily Data,2021/08/23 1:38,2021/08/23 1:38
-20.503832,-51.816566,Travel Dispatch,2021/08/23 8:29,2021/08/23 8:29
-20.505266,-51.817999,End of movement,2021/08/23 8:39,2021/08/23 8:39
-20.505633,-51.816432,Daily Data,2021/08/24 1:10,2021/08/24 1:10
-20.504133,-51.8163,Daily Data,2021/08/24 1:22,2021/08/24 1:22
-20.504933,-51.814966,Daily Data,2021/08/24 1:35,2021/08/24 1:35
-20.505766,-51.815966,Daily Data,2021/08/24 1:39,2021/08/24 1:39
-20.5102,-51.813533,Daily Data,2021/08/25 1:11,2021/08/25 1:11
-20.509833,-51.814666,Daily Data,2021/08/25 1:23,2021/08/25 1:23
-20.507833,-51.814699,Daily Data,2021/08/25 1:36,2021/08/25 1:36
-20.507199,-51.816866,Daily Data,2021/08/25 1:40,2021/08/25 1:40
-20.508666,-51.823533,Engine stop,2021/08/25 8:58,2021/08/25 8:58
-20.509433,-51.819933,Travel Dispatch,2021/08/25 22:34,2021/08/25 22:34
-20.508333,-51.821332,End of movement,2021/08/25 22:44,2021/08/25 22:44
-20.506366,-51.820433,Travel Dispatch,2021/08/26 0:07,2021/08/26 0:07
-20.506332,-51.820299,Travel Dispatch,2021/08/26 0:08,2021/08/26 0:08
-20.506199,-51.822733,End of movement,2021/08/26 0:17,2021/08/26 0:17
-20.506166,-51.820833,End of movement,2021/08/26 0:18,2021/08/26 0:18
-20.508533,-51.8221,Engine stop,2021/08/26 0:52,2021/08/26 0:52
-20.506133,-51.8215,Daily Data,2021/08/26 1:12,2021/08/26 1:12
-20.506099,-51.823433,Daily Data,2021/08/26 1:24,2021/08/26 1:24
-20.508133,-51.822133,Daily Data,2021/08/26 1:37,2021/08/26 1:37
-20.508033,-51.821566,Daily Data,2021/08/26 1:41,2021/08/26 1:41
-20.505999,-51.824333,Engine stop,2021/08/26 3:56,2021/08/26 3:56
-20.506099,-51.822333,Engine stop,2021/08/26 5:23,2021/08/26 5:23
-20.505333,-51.824299,Daily Data,2021/08/27 1:13,2021/08/27 1:13
-20.505366,-51.823033,Daily Data,2021/08/27 1:25,2021/08/27 1:25
-20.506766,-51.822766,Daily Data,2021/08/27 1:38,2021/08/27 1:38
-20.506833,-51.823567,Daily Data,2021/08/27 1:42,2021/08/27 1:42
-20.499333,-51.8257,Travel Dispatch,2021/08/27 14:09,2021/08/27 14:09
-20.497999,-51.8258,End of movement,2021/08/27 14:19,2021/08/27 14:19
-20.497999,-51.824899,Engine stop,2021/08/27 16:37,2021/08/27 16:37
-20.497933,-51.824699,Engine stop,2021/08/27 20:13,2021/08/27 20:12
-20.500467,-51.8239,Daily Data,2021/08/28 1:14,2021/08/28 1:14
-20.500533,-51.824899,Daily Data,2021/08/28 1:26,2021/08/28 1:26
-20.498166,-51.8232,Daily Data,2021/08/28 1:39,2021/08/28 1:39
-20.498366,-51.824699,Daily Data,2021/08/28 1:43,2021/08/28 1:43
-20.501332,-51.823932,Daily Data,2021/08/29 1:15,2021/08/29 1:15
-20.5015,-51.824799,Daily Data,2021/08/29 1:27,2021/08/29 1:27
-20.499233,-51.824266,Daily Data,2021/08/29 1:40,2021/08/29 1:40
-20.499366,-51.824066,Daily Data,2021/08/29 1:44,2021/08/29 1:44
-20.502632,-51.818133,Daily Data,2021/08/30 1:16,2021/08/30 1:16
-20.5032,-51.816533,Daily Data,2021/08/30 1:28,2021/08/30 1:28
-20.500633,-51.816599,Daily Data,2021/08/30 1:41,2021/08/30 1:41
-20.500732,-51.817333,Daily Data,2021/08/30 1:45,2021/08/30 1:45
-20.500433,-51.816133,Travel Dispatch,2021/08/30 10:31,2021/08/30 10:31
-20.500333,-51.816432,End of movement,2021/08/30 10:41,2021/08/30 10:41
-20.5039,-51.813133,Travel Dispatch,2021/08/30 14:06,2021/08/30 14:06
-20.503866,-51.811966,End of movement,2021/08/30 14:16,2021/08/30 14:16
-20.5038,-51.811432,Engine stop,2021/08/30 15:47,2021/08/30 15:47
-20.4988,-51.818133,Daily Data,2021/08/31 1:00,2021/08/31 1:00
-20.502799,-51.818533,Daily Data,2021/08/31 1:17,2021/08/31 1:17
-20.503567,-51.811266,Daily Data,2021/08/31 1:29,2021/08/31 1:29
-20.499699,-51.816166,Daily Data,2021/08/31 1:42,2021/08/31 1:42
-20.501699,-51.8152,Engine stop,2021/08/31 8:26,2021/08/31 8:26
-20.503567,-51.811233,Travel Dispatch,2021/08/31 9:12,2021/08/31 9:12
-20.503499,-51.810666,End of movement,2021/08/31 9:22,2021/08/31 9:22
-20.502999,-51.812199,Engine stop,2021/08/31 11:48,2021/08/31 11:48
-20.5015,-51.813133,Engine stop,2021/08/31 14:12,2021/08/31 14:12
-20.500132,-51.8139,Daily Data,2021/09/01 1:01,2021/09/01 1:01
-20.502766,-51.8101,Daily Data,2021/09/01 1:18,2021/09/01 1:18
-20.5026,-51.810933,Daily Data,2021/09/01 1:30,2021/09/01 1:30
-20.502066,-51.815999,Daily Data,2021/09/01 1:43,2021/09/01 1:43
-20.496266,-51.811133,Travel Dispatch,2021/09/01 8:19,2021/09/01 8:19
-20.496266,-51.811033,End of movement,2021/09/01 8:29,2021/09/01 8:29
-20.496833,-51.812466,Daily Data,2021/09/02 1:02,2021/09/02 1:02
-20.501166,-51.810633,Daily Data,2021/09/02 1:19,2021/09/02 1:19
-21.027367,-52.4826,Daily Data,2021/11/03 1:14,2021/11/03 1:14
-21.0264,-52.481667,Daily Data,2021/11/03 1:18,2021/11/03 1:18
-21.026099,-52.480266,Daily Data,2021/11/03 1:35,2021/11/03 1:35
-21.008333,-52.476733,Engine start,2021/11/03 20:03,2021/11/03 20:03
-21.008232,-52.476566,End of movement,2021/11/03 20:10,2021/11/03 20:10
-21.007632,-52.476466,Engine start,2021/11/03 21:03,2021/11/03 21:03
-21.007433,-52.4764,End of movement,2021/11/03 21:11,2021/11/03 21:11
-21.009233,-52.475399,Daily Data,2021/11/04 1:02,2021/11/04 1:02
-21.025966,-52.478466,Daily Data,2021/11/04 1:15,2021/11/04 1:15
-21.009566,-52.475433,Daily Data,2021/11/04 1:18,2021/11/04 1:18
-21.026466,-52.4776,Daily Data,2021/11/04 1:19,2021/11/04 1:19
-21.025533,-52.479867,Daily Data,2021/11/04 1:36,2021/11/04 1:36
-21.017233,-52.4796,Travel Dispatch,2021/11/04 10:56,2021/11/04 10:56
-21.0227,-52.4725,Engine start,2021/11/04 11:06,2021/11/04 11:06
-21.0225,-52.473232,End of movement,2021/11/04 11:12,2021/11/04 11:12
-21.020833,-52.480499,Travel Dispatch,2021/11/04 11:29,2021/11/04 11:29
-21.020833,-52.480467,Engine start,2021/11/04 11:30,2021/11/04 11:30
-21.021233,-52.478766,End of movement,2021/11/04 11:39,2021/11/04 11:39
-21.022533,-52.4715,Daily Data,2021/11/05 1:03,2021/11/05 1:03
-21.025666,-52.4757,Daily Data,2021/11/05 1:16,2021/11/05 1:16
-20.409733,-51.7109,Travel Dispatch,2021/12/01 21:38,2021/12/01 21:38
-20.409733,-51.710999,End of movement,2021/12/01 21:48,2021/12/01 21:48
-21.022233,-52.471233,Daily Data,2021/11/05 1:19,2021/11/05 1:19
-21.023932,-52.4746,Daily Data,2021/11/05 1:20,2021/11/05 1:20
-20.4076,-51.7176,Travel Dispatch,2021/12/01 21:48,2021/12/01 21:48
-20.4077,-51.717533,End of movement,2021/12/01 21:58,2021/12/01 21:58
-20.409699,-51.711233,Engine stop,2021/12/01 23:21,2021/12/01 23:21
-20.4082,-51.7171,Engine stop,2021/12/01 23:21,2021/12/01 23:21
-20.408433,-51.721533,Travel Dispatch,2021/12/01 23:48,2021/12/01 23:48
-20.408866,-51.713433,End of movement,2021/12/02 0:09,2021/12/02 0:09
-20.407066,-51.717833,Engine stop,2021/12/02 0:33,2021/12/02 0:33
-20.408966,-51.7132,Engine stop,2021/12/02 0:43,2021/12/02 0:43
-20.501033,-51.812166,Daily Data,2021/09/02 1:31,2021/09/02 1:31
-20.497399,-51.811633,Daily Data,2021/09/02 1:44,2021/09/02 1:44
-20.497933,-51.813066,Daily Data,2021/09/03 1:03,2021/09/03 1:03
-20.500499,-51.807199,Daily Data,2021/09/03 1:20,2021/09/03 1:20
-20.4994,-51.8075,Daily Data,2021/09/03 1:32,2021/09/03 1:32
-20.497367,-51.813832,Daily Data,2021/09/03 1:45,2021/09/03 1:45
-20.498533,-51.8039,Request Reply,2021/09/03 17:12,2021/09/03 17:12
-20.498232,-51.807766,Daily Data,2021/09/04 1:00,2021/09/04 1:00
-20.499899,-51.802466,Daily Data,2021/09/04 1:03,2021/09/04 1:03
-20.4971,-51.807999,Daily Data,2021/09/04 1:04,2021/09/04 1:04
-20.501733,-51.805833,Daily Data,2021/09/04 1:21,2021/09/04 1:21
-20.500766,-51.806067,Daily Data,2021/09/04 1:33,2021/09/04 1:33
-21.024833,-52.481466,Daily Data,2021/11/05 1:37,2021/11/05 1:37
-21.020433,-52.470467,Engine stop,2021/11/05 4:42,2021/11/05 4:42
-21.0227,-52.471033,Travel Dispatch,2021/11/05 16:41,2021/11/05 16:41
-20.498499,-51.806766,Travel Dispatch,2021/09/04 14:16,2021/09/04 14:16
-21.022632,-52.470933,End of movement,2021/11/05 16:51,2021/11/05 16:51
-21.020866,-52.469699,Engine stop,2021/11/05 19:05,2021/11/05 19:05
-21.022666,-52.470766,Travel Dispatch,2021/11/05 20:37,2021/11/05 20:37
-21.0226,-52.470633,End of movement,2021/11/05 20:47,2021/11/05 20:47
-21.020732,-52.471633,Daily Data,2021/11/06 1:04,2021/11/06 1:04
-21.022799,-52.470732,Daily Data,2021/11/06 1:17,2021/11/06 1:17
-21.019867,-52.471266,Daily Data,2021/11/06 1:20,2021/11/06 1:20
-21.021533,-52.468599,Daily Data,2021/11/06 1:21,2021/11/06 1:21
-21.021599,-52.4744,Daily Data,2021/11/06 1:38,2021/11/06 1:38
-21.021667,-52.469833,Engine stop,2021/11/06 5:35,2021/11/06 5:35
-21.019266,-52.472799,Daily Data,2021/11/07 1:05,2021/11/07 1:05
-21.019633,-52.468599,Daily Data,2021/11/07 1:18,2021/11/07 1:18
-21.019766,-52.4713,Daily Data,2021/11/07 1:21,2021/11/07 1:21
-21.020766,-52.468832,Daily Data,2021/11/07 1:22,2021/11/07 1:22
-21.018466,-52.472,Daily Data,2021/11/08 1:06,2021/11/08 1:06
-21.019899,-52.469966,Daily Data,2021/11/08 1:19,2021/11/08 1:19
-21.117933,-52.270266,Daily Data,2021/12/31 1:29,2021/12/31 1:29
-21.123599,-52.271233,Daily Data,2021/12/31 1:30,2021/12/31 1:30
-21.118733,-52.269033,Travel Dispatch,2021/12/31 3:38,2021/12/31 3:38
-20.4071,-51.717799,Daily Data,2021/12/02 1:00,2021/12/02 1:00
-21.118567,-52.2689,End of movement,2021/12/31 3:48,2021/12/31 3:48
-21.125066,-52.271966,Travel Dispatch,2021/12/31 8:42,2021/12/31 8:42
-21.122433,-52.270333,Engine stop,2021/12/31 8:51,2021/12/31 8:51
-21.125166,-52.2721,End of movement,2021/12/31 8:52,2021/12/31 8:52
-21.1251,-52.2721,Engine stop,2021/12/31 9:21,2021/12/31 9:21
-21.125566,-52.271866,Travel Dispatch,2021/12/31 9:53,2021/12/31 9:53
-21.125467,-52.272367,End of movement,2021/12/31 10:30,2021/12/31 10:30
-21.125499,-52.272333,Engine stop,2021/12/31 11:16,2021/12/31 11:16
-21.121332,-52.269799,Travel Dispatch,2021/12/31 13:23,2021/12/31 13:23
-21.121166,-52.269766,End of movement,2021/12/31 13:33,2021/12/31 13:33
-21.121199,-52.269766,Engine stop,2021/12/31 15:53,2021/12/31 15:53
-21.123866,-52.271332,Daily Data,2022/01/01 8:03,2021/12/31 19:36
-21.125132,-52.271933,Daily Data,2022/01/01 8:00,2021/12/31 19:39
-21.123533,-52.270933,Daily Data,2022/01/01 8:02,2021/12/31 19:39
-21.120966,-52.269532,Daily Data,2022/01/01 9:04,2021/12/31 20:33
-21.124833,-52.271733,Daily Data,2022/01/01 1:34,2022/01/01 1:34
-21.127133,-52.267632,Daily Data,2022/01/02 1:03,2022/01/02 1:03
-21.1276,-52.268433,Daily Data,2022/01/02 1:15,2022/01/02 1:15
-21.125666,-52.270467,Daily Data,2022/01/02 1:28,2022/01/02 1:28
-21.121866,-52.268699,Daily Data,2022/01/02 1:31,2022/01/02 1:31
-21.124766,-52.269666,Daily Data,2022/01/02 1:32,2022/01/02 1:32
-21.130166,-52.270399,Travel Dispatch,2022/01/02 10:59,2022/01/02 10:59
-21.132266,-52.271799,Engine stop,2022/01/02 11:06,2022/01/02 11:06
-21.132266,-52.271833,End of movement,2022/01/02 11:09,2022/01/02 11:09
-21.127566,-52.2689,Travel Dispatch,2022/01/02 18:51,2022/01/02 18:51
-21.133666,-52.270166,End of movement,2022/01/02 19:06,2022/01/02 19:06
-21.1333,-52.270399,Engine stop,2022/01/02 20:05,2022/01/02 20:05
-21.130566,-52.267233,Daily Data,2022/01/03 1:04,2022/01/03 1:04
-20.409433,-51.711533,Daily Data,2021/12/02 1:01,2021/12/02 1:01
-20.409066,-51.716466,Daily Data,2021/12/02 1:18,2021/12/02 1:18
-20.4076,-51.7177,Daily Data,2021/12/02 1:30,2021/12/02 1:30
-20.409,-51.713033,Daily Data,2021/12/02 1:43,2021/12/02 1:43
-20.406866,-51.718266,Daily Data,2021/12/03 1:01,2021/12/03 1:01
-20.409466,-51.713266,Daily Data,2021/12/03 1:02,2021/12/03 1:02
-20.406633,-51.7194,Daily Data,2021/12/03 1:19,2021/12/03 1:19
-20.409699,-51.716966,Daily Data,2021/12/03 1:31,2021/12/03 1:31
-20.409,-51.713232,Daily Data,2021/12/03 1:44,2021/12/03 1:44
-20.406766,-51.720732,Daily Data,2021/12/04 1:02,2021/12/04 1:02
-20.413832,-51.7126,Daily Data,2021/12/04 1:03,2021/12/04 1:03
-20.408333,-51.719133,Daily Data,2021/12/04 1:20,2021/12/04 1:20
-20.407367,-51.7202,Daily Data,2021/12/04 1:32,2021/12/04 1:32
-20.4115,-51.7121,Daily Data,2021/12/04 1:45,2021/12/04 1:45
-20.417166,-51.714433,Travel Dispatch,2021/12/05 0:58,2021/12/05 0:58
-20.413633,-51.712433,Daily Data,2021/12/05 1:00,2021/12/05 1:00
-20.415966,-51.715633,Daily Data,2021/12/05 1:03,2021/12/05 1:03
-20.410732,-51.7145,Daily Data,2021/12/05 1:04,2021/12/05 1:04
-20.415999,-51.7157,End of movement,2021/12/05 1:08,2021/12/05 1:08
-20.411533,-51.7151,Daily Data,2021/12/05 1:21,2021/12/05 1:21
-20.4132,-51.718266,Daily Data,2021/12/05 1:33,2021/12/05 1:33
-20.418033,-51.7146,Engine stop,2021/12/05 5:04,2021/12/05 5:04
-20.4132,-51.713599,Daily Data,2021/12/06 1:01,2021/12/06 1:01
-20.418466,-51.715533,Daily Data,2021/12/06 1:04,2021/12/06 1:04
-20.412999,-51.716766,Daily Data,2021/12/06 1:05,2021/12/06 1:05
-20.413699,-51.719532,Daily Data,2021/12/06 1:22,2021/12/06 1:22
-20.412666,-51.719799,Daily Data,2021/12/06 1:34,2021/12/06 1:34
-20.416699,-51.720666,Daily Data,2021/12/07 1:02,2021/12/07 1:02
-20.4177,-51.716599,Daily Data,2021/12/07 1:05,2021/12/07 1:05
-20.412933,-51.716699,Daily Data,2021/12/07 1:06,2021/12/07 1:06
-20.4125,-51.720366,Daily Data,2021/12/07 1:23,2021/12/07 1:23
-20.415499,-51.7196,Daily Data,2021/12/07 1:35,2021/12/07 1:35
-20.498466,-51.806733,End of movement,2021/09/04 14:26,2021/09/04 14:26
-20.498599,-51.807632,Daily Data,2021/09/05 1:01,2021/09/05 1:01
-20.500966,-51.802333,Daily Data,2021/09/05 1:04,2021/09/05 1:04
-20.496199,-51.807,Daily Data,2021/09/05 1:05,2021/09/05 1:05
-20.500033,-51.805467,Daily Data,2021/09/05 1:22,2021/09/05 1:22
-20.499099,-51.805033,Daily Data,2021/09/05 1:34,2021/09/05 1:34
-20.500833,-51.802367,Travel Dispatch,2021/09/05 7:25,2021/09/05 7:25
-20.500266,-51.8025,Engine stop,2021/09/05 7:46,2021/09/05 7:46
-20.495366,-51.803433,Engine stop,2021/09/05 7:50,2021/09/05 7:50
-20.500233,-51.802233,End of movement,2021/09/05 7:51,2021/09/05 7:51
-20.4963,-51.803099,Engine stop,2021/09/05 8:41,2021/09/05 8:41
-20.500066,-51.801699,Engine stop,2021/09/05 15:54,2021/09/05 15:54
-20.496566,-51.803166,Daily Data,2021/09/06 1:02,2021/09/06 1:02
-20.490533,-51.801933,Daily Data,2021/09/06 1:05,2021/09/06 1:05
-20.495766,-51.802666,Daily Data,2021/09/06 1:06,2021/09/06 1:06
-20.498099,-51.802299,Daily Data,2021/09/06 1:23,2021/09/06 1:23
-20.499167,-51.801566,Daily Data,2021/09/06 1:35,2021/09/06 1:35
-20.500033,-51.801067,Travel Dispatch,2021/09/06 9:44,2021/09/06 9:44
-20.5,-51.801033,End of movement,2021/09/06 9:54,2021/09/06 9:54
-20.4959,-51.801332,Travel Dispatch,2021/09/06 17:21,2021/09/06 17:21
-20.495833,-51.801667,End of movement,2021/09/06 17:31,2021/09/06 17:31
-20.496599,-51.803166,Daily Data,2021/09/07 1:03,2021/09/07 1:03
-20.4901,-51.801199,Daily Data,2021/09/07 1:06,2021/09/07 1:06
-20.494633,-51.8019,Daily Data,2021/09/07 1:07,2021/09/07 1:07
-20.497899,-51.801366,Daily Data,2021/09/07 1:24,2021/09/07 1:24
-20.498966,-51.800833,Daily Data,2021/09/07 1:36,2021/09/07 1:36
-20.489167,-51.800299,Travel Dispatch,2021/09/07 8:22,2021/09/07 8:22
-20.489133,-51.800233,End of movement,2021/09/07 8:32,2021/09/07 8:32
-20.489133,-51.800233,Engine stop,2021/09/07 8:51,2021/09/07 8:51
-20.490999,-51.803966,Daily Data,2021/09/08 1:04,2021/09/08 1:04
-20.489566,-51.799167,Daily Data,2021/09/08 1:07,2021/09/08 1:07
-20.493866,-51.801332,Daily Data,2021/09/08 1:08,2021/09/08 1:08
-21.13,-52.267733,Daily Data,2022/01/03 1:16,2022/01/03 1:16
-21.133533,-52.269833,Daily Data,2022/01/03 1:29,2022/01/03 1:29
-21.1325,-52.270566,Daily Data,2022/01/03 1:32,2022/01/03 1:32
-21.128166,-52.2675,Daily Data,2022/01/03 1:33,2022/01/03 1:33
-21.127866,-52.273499,Daily Data,2022/01/04 1:05,2022/01/04 1:05
-21.129033,-52.272466,Daily Data,2022/01/04 1:17,2022/01/04 1:17
-21.129333,-52.274,Daily Data,2022/01/04 1:30,2022/01/04 1:30
-21.131566,-52.271332,Daily Data,2022/01/04 1:33,2022/01/04 1:33
-21.129033,-52.275399,Daily Data,2022/01/04 1:34,2022/01/04 1:34
-21.122466,-52.2776,Daily Data,2022/01/05 1:06,2022/01/05 1:06
-21.122866,-52.276966,Daily Data,2022/01/05 1:18,2022/01/05 1:18
-21.129266,-52.2746,Daily Data,2022/01/05 1:31,2022/01/05 1:31
-20.494133,-51.801067,Daily Data,2021/09/08 1:25,2021/09/08 1:25
-20.495866,-51.800299,Daily Data,2021/09/08 1:37,2021/09/08 1:37
-21.125966,-52.273433,Daily Data,2022/01/05 1:34,2022/01/05 1:34
-21.126166,-52.277566,Daily Data,2022/01/05 1:35,2022/01/05 1:35
-20.490999,-51.803499,Travel Dispatch,2021/09/08 12:15,2021/09/08 12:15
-20.490166,-51.803666,End of movement,2021/09/08 12:25,2021/09/08 12:25
-20.490333,-51.803866,Engine stop,2021/09/08 15:47,2021/09/08 15:47
-20.486833,-51.805666,Travel Dispatch,2021/09/09 0:26,2021/09/09 0:26
-20.482,-51.806833,End of movement,2021/09/09 0:41,2021/09/09 0:41
-20.481966,-51.806799,Engine stop,2021/09/09 1:02,2021/09/09 1:02
-20.494966,-51.797632,Daily Data,2021/09/09 1:05,2021/09/09 1:05
-20.4827,-51.801199,Daily Data,2021/09/09 1:08,2021/09/09 1:08
-20.481966,-51.806766,Daily Data,2021/09/09 1:09,2021/09/09 1:09
-20.489466,-51.799,Travel Dispatch,2021/09/09 1:15,2021/09/09 1:15
-20.487799,-51.805066,Daily Data,2021/09/09 1:26,2021/09/09 1:26
-20.496566,-51.7995,Daily Data,2021/09/09 1:38,2021/09/09 1:38
-20.484699,-51.806166,End of movement,2021/09/09 1:38,2021/09/09 1:38
-20.482666,-51.806633,Engine stop,2021/09/09 4:23,2021/09/09 4:23
-20.491233,-51.798567,Travel Dispatch,2021/09/09 7:57,2021/09/09 7:57
-20.488366,-51.805299,End of movement,2021/09/09 8:15,2021/09/09 8:15
-20.487733,-51.805366,Engine stop,2021/09/09 12:27,2021/09/09 12:27
-20.483099,-51.806199,Daily Data,2021/09/10 1:06,2021/09/10 1:06
-20.483033,-51.802799,Daily Data,2021/09/10 1:09,2021/09/10 1:09
-20.482866,-51.8058,Daily Data,2021/09/10 1:10,2021/09/10 1:10
-20.4871,-51.8032,Daily Data,2021/09/10 1:27,2021/09/10 1:27
-20.4882,-51.8044,Daily Data,2021/09/10 1:39,2021/09/10 1:39
-20.480132,-51.8015,Travel Dispatch,2021/09/10 15:54,2021/09/10 15:54
-20.4796,-51.801599,Engine stop,2021/09/10 15:55,2021/09/10 15:55
-20.479532,-51.801833,End of movement,2021/09/10 16:12,2021/09/10 16:12
-20.483166,-51.805633,Daily Data,2021/09/11 1:07,2021/09/11 1:07
-20.480433,-51.801866,Daily Data,2021/09/11 1:10,2021/09/11 1:10
-20.4827,-51.805233,Daily Data,2021/09/11 1:11,2021/09/11 1:11
-20.4895,-51.802799,Daily Data,2021/09/11 1:28,2021/09/11 1:28
-20.4901,-51.804133,Daily Data,2021/09/11 1:44,2021/09/11 1:44
-20.4796,-51.800966,Daily Data,2021/09/12 1:08,2021/09/12 1:08
-20.481466,-51.803033,Daily Data,2021/09/12 1:11,2021/09/12 1:11
-20.479766,-51.801233,Daily Data,2021/09/12 1:12,2021/09/12 1:12
-20.482166,-51.7983,Daily Data,2021/09/12 1:29,2021/09/12 1:29
-20.482399,-51.799433,Daily Data,2021/09/12 1:41,2021/09/12 1:41
-20.4808,-51.8008,Daily Data,2021/09/13 1:09,2021/09/13 1:09
-20.481266,-51.796633,Daily Data,2021/09/13 1:12,2021/09/13 1:12
-20.480066,-51.799033,Daily Data,2021/09/13 1:13,2021/09/13 1:13
-20.484466,-51.800299,Daily Data,2021/09/13 1:30,2021/09/13 1:30
-20.4838,-51.797566,Daily Data,2021/09/13 1:42,2021/09/13 1:42
-20.4839,-51.792233,Travel Dispatch,2021/09/14 0:58,2021/09/14 0:58
-20.4839,-51.792166,End of movement,2021/09/14 1:08,2021/09/14 1:08
-20.481633,-51.801033,Daily Data,2021/09/14 1:10,2021/09/14 1:10
-20.4839,-51.792199,Daily Data,2021/09/14 1:13,2021/09/14 1:13
-20.481233,-51.798766,Daily Data,2021/09/14 1:14,2021/09/14 1:14
-20.482933,-51.796432,Daily Data,2021/09/14 1:31,2021/09/14 1:31
-20.4833,-51.797333,Daily Data,2021/09/14 1:43,2021/09/14 1:43
-20.483466,-51.791833,Engine stop,2021/09/14 4:04,2021/09/14 4:04
-20.482766,-51.7957,Travel Dispatch,2021/09/14 4:34,2021/09/14 4:34
-20.4827,-51.795566,End of movement,2021/09/14 4:44,2021/09/14 4:44
-20.482,-51.795,Engine stop,2021/09/14 7:26,2021/09/14 7:26
-20.4813,-51.797233,Travel Dispatch,2021/09/14 18:59,2021/09/14 18:59
-20.478666,-51.796566,Travel Dispatch,2021/09/14 19:03,2021/09/14 19:03
-20.480066,-51.795499,Engine stop,2021/09/14 19:06,2021/09/14 19:06
-20.482666,-51.794633,End of movement,2021/09/14 19:09,2021/09/14 19:09
-20.480066,-51.795499,End of movement,2021/09/14 19:13,2021/09/14 19:13
-20.4827,-51.794633,Engine stop,2021/09/14 19:38,2021/09/14 19:38
-20.482066,-51.793766,Daily Data,2021/09/15 1:11,2021/09/15 1:11
-20.4852,-51.788533,Daily Data,2021/09/15 1:14,2021/09/15 1:14
-20.480467,-51.793033,Daily Data,2021/09/15 1:15,2021/09/15 1:15
-20.482999,-51.7951,Daily Data,2021/09/15 1:32,2021/09/15 1:32
-20.479733,-51.795399,Daily Data,2021/09/15 1:51,2021/09/15 1:51
-20.481166,-51.795132,Travel Dispatch,2021/09/15 14:43,2021/09/15 14:43
-20.480833,-51.795166,End of movement,2021/09/15 14:53,2021/09/15 14:53
-20.480866,-51.795132,Engine stop,2021/09/15 16:40,2021/09/15 16:40
-20.480166,-51.793133,Daily Data,2021/09/16 1:12,2021/09/16 1:12
-20.485633,-51.789766,Daily Data,2021/09/16 1:15,2021/09/16 1:15
-20.482299,-51.792933,Daily Data,2021/09/16 1:16,2021/09/16 1:16
-20.479299,-51.7944,Daily Data,2021/09/16 1:33,2021/09/16 1:33
-20.480166,-51.7944,Daily Data,2021/09/16 1:50,2021/09/16 1:50
-20.479899,-51.793633,Daily Data,2021/09/17 1:00,2021/09/17 1:00
-20.484433,-51.793733,Daily Data,2021/09/17 1:13,2021/09/17 1:13
-20.482166,-51.789099,Daily Data,2021/09/17 1:16,2021/09/17 1:16
-20.482166,-51.7921,Daily Data,2021/09/17 1:17,2021/09/17 1:17
-20.481166,-51.794066,Daily Data,2021/09/17 1:34,2021/09/17 1:34
-20.481766,-51.791432,Daily Data,2021/09/18 1:01,2021/09/18 1:01
-20.481033,-51.791099,Daily Data,2021/09/18 1:14,2021/09/18 1:14
-20.485033,-51.790033,Daily Data,2021/09/18 1:17,2021/09/18 1:17
-20.484966,-51.790132,Daily Data,2021/09/18 1:18,2021/09/18 1:18
-20.4788,-51.791067,Daily Data,2021/09/18 1:35,2021/09/18 1:35
-21.018266,-52.47,Daily Data,2021/11/08 1:22,2021/11/08 1:22
-21.019566,-52.469799,Daily Data,2021/11/08 1:23,2021/11/08 1:23
-21.017433,-52.4726,Daily Data,2021/11/08 1:40,2021/11/08 1:40
-21.013633,-52.474,Travel Dispatch,2021/11/08 3:54,2021/11/08 3:54
-21.011799,-52.474799,End of movement,2021/11/08 4:04,2021/11/08 4:04
-21.011533,-52.474799,Engine stop,2021/11/08 5:00,2021/11/08 5:00
-21.017,-52.457566,Travel Dispatch,2021/11/08 15:25,2021/11/08 15:25
-21.016266,-52.458232,Engine start,2021/11/08 15:27,2021/11/08 15:27
-21.017032,-52.4576,End of movement,2021/11/08 15:35,2021/11/08 15:35
-21.013599,-52.474,Travel Dispatch,2021/11/08 16:48,2021/11/08 16:48
-21.010132,-52.474366,Engine stop,2021/11/08 17:02,2021/11/08 17:02
-21.020933,-52.4565,Engine start,2021/11/08 17:20,2021/11/08 17:20
-20.4152,-51.719666,Travel Dispatch,2021/12/07 2:14,2021/12/07 2:14
-20.415299,-51.719633,End of movement,2021/12/07 2:24,2021/12/07 2:24
-20.477233,-51.789199,Daily Data,2021/09/19 1:02,2021/09/19 1:02
-21.020933,-52.4565,End of movement,2021/11/08 17:22,2021/11/08 17:22
-20.416133,-51.720066,Travel Dispatch,2021/12/07 2:33,2021/12/07 2:33
-20.416166,-51.720166,End of movement,2021/12/07 2:43,2021/12/07 2:43
-20.415999,-51.7202,Engine stop,2021/12/07 3:59,2021/12/07 3:59
-20.4157,-51.723033,Travel Dispatch,2021/12/07 14:00,2021/12/07 14:00
-20.415666,-51.723033,Engine stop,2021/12/07 14:05,2021/12/07 14:05
-20.4163,-51.721667,End of movement,2021/12/07 14:10,2021/12/07 14:10
-20.417199,-51.720399,Engine stop,2021/12/07 15:33,2021/12/07 15:33
-20.415633,-51.721933,Daily Data,2021/12/08 1:03,2021/12/08 1:03
-20.416133,-51.718033,Daily Data,2021/12/08 1:06,2021/12/08 1:06
-20.414466,-51.718166,Daily Data,2021/12/08 1:07,2021/12/08 1:07
-20.4171,-51.719167,Daily Data,2021/12/08 1:24,2021/12/08 1:24
-20.4151,-51.7184,Daily Data,2021/12/08 1:36,2021/12/08 1:36
-20.412199,-51.720599,Travel Dispatch,2021/12/08 6:57,2021/12/08 6:57
-20.414099,-51.722,End of movement,2021/12/08 7:07,2021/12/08 7:07
-20.413433,-51.722199,Engine stop,2021/12/08 7:42,2021/12/08 7:42
-20.417399,-51.729233,Travel Dispatch,2021/12/08 14:27,2021/12/08 14:27
-20.483666,-51.7877,Daily Data,2021/09/19 1:15,2021/09/19 1:15
-20.484,-51.784066,Daily Data,2021/09/19 1:18,2021/09/19 1:18
-20.4846,-51.786466,Daily Data,2021/09/19 1:19,2021/09/19 1:19
-20.477899,-51.786667,Daily Data,2021/09/19 1:36,2021/09/19 1:36
-21.013499,-52.477299,Travel Dispatch,2021/11/08 19:38,2021/11/08 19:38
-21.009167,-52.475566,End of movement,2021/11/08 19:54,2021/11/08 19:54
-20.4845,-51.7859,Travel Dispatch,2021/09/19 12:35,2021/09/19 12:35
-20.484466,-51.785933,End of movement,2021/09/19 12:45,2021/09/19 12:45
-21.010132,-52.476733,Travel Dispatch,2021/11/08 20:00,2021/11/08 20:00
-21.009532,-52.475266,Engine stop,2021/11/08 20:05,2021/11/08 20:05
-21.009333,-52.475533,End of movement,2021/11/08 20:10,2021/11/08 20:10
-21.009266,-52.475299,Engine stop,2021/11/08 20:30,2021/11/08 20:30
-21.012233,-52.475966,Travel Dispatch,2021/11/08 21:02,2021/11/08 21:02
-21.009733,-52.475266,Engine stop,2021/11/08 21:05,2021/11/08 21:05
-21.009933,-52.475499,End of movement,2021/11/08 21:13,2021/11/08 21:13
-21.020132,-52.448133,Engine stop,2021/11/08 23:49,2021/11/08 23:49
-21.0125,-52.476133,Daily Data,2021/11/09 1:07,2021/11/09 1:07
-21.023932,-52.448433,Daily Data,2021/11/09 1:20,2021/11/09 1:20
-21.011533,-52.475433,Daily Data,2021/11/09 1:23,2021/11/09 1:23
-21.020467,-52.4483,Daily Data,2021/11/09 1:24,2021/11/09 1:24
-21.011799,-52.476332,Daily Data,2021/11/09 1:41,2021/11/09 1:41
-21.020066,-52.447933,Travel Dispatch,2021/11/09 2:09,2021/11/09 2:09
-21.024266,-52.448533,End of movement,2021/11/09 2:27,2021/11/09 2:27
-21.025,-52.446833,Travel Dispatch,2021/11/09 12:16,2021/11/09 12:16
-21.025066,-52.446633,End of movement,2021/11/09 12:26,2021/11/09 12:26
-21.019532,-52.456332,Travel Dispatch,2021/11/09 12:59,2021/11/09 12:59
-21.0163,-52.458232,Engine start,2021/11/09 13:04,2021/11/09 13:04
-21.025266,-52.446733,Engine stop,2021/11/09 13:04,2021/11/09 13:04
-21.016766,-52.4577,End of movement,2021/11/09 13:09,2021/11/09 13:09
-21.017766,-52.455433,End of movement,2021/11/09 14:17,2021/11/09 14:17
-21.018932,-52.452299,Engine stop,2021/11/09 16:34,2021/11/09 16:34
-21.0196,-52.447967,Travel Dispatch,2021/11/09 21:02,2021/11/09 21:02
-21.124666,-52.274033,Travel Dispatch,2022/01/06 0:39,2022/01/06 0:39
-21.1246,-52.273599,End of movement,2022/01/06 0:49,2022/01/06 0:49
-21.121599,-52.2776,Daily Data,2022/01/06 1:07,2022/01/06 1:07
-21.123666,-52.277666,Daily Data,2022/01/06 1:19,2022/01/06 1:19
-21.1258,-52.274633,Daily Data,2022/01/06 1:32,2022/01/06 1:32
-21.125233,-52.274433,Daily Data,2022/01/06 1:35,2022/01/06 1:35
-21.124433,-52.278466,Daily Data,2022/01/06 1:36,2022/01/06 1:36
-21.116667,-52.283266,Travel Dispatch,2022/01/06 13:31,2022/01/06 13:31
-21.116766,-52.2839,End of movement,2022/01/06 13:41,2022/01/06 13:41
-21.117032,-52.2832,Engine stop,2022/01/06 14:42,2022/01/06 14:42
-21.123266,-52.280499,Travel Dispatch,2022/01/06 19:50,2022/01/06 19:50
-21.1232,-52.280599,End of movement,2022/01/06 20:00,2022/01/06 20:00
-21.122866,-52.2807,Engine stop,2022/01/07 0:38,2022/01/07 0:38
-21.121766,-52.279532,Daily Data,2022/01/07 1:08,2022/01/07 1:08
-21.122466,-52.278666,Daily Data,2022/01/07 1:20,2022/01/07 1:20
-21.122733,-52.2808,Daily Data,2022/01/07 1:33,2022/01/07 1:33
-21.117533,-52.284,Daily Data,2022/01/07 1:36,2022/01/07 1:36
-21.1251,-52.279099,Daily Data,2022/01/07 1:37,2022/01/07 1:37
-21.122433,-52.281766,Travel Dispatch,2022/01/07 10:44,2022/01/07 10:44
-21.122299,-52.283232,Engine stop,2022/01/07 10:50,2022/01/07 10:50
-21.122799,-52.282733,End of movement,2022/01/07 11:10,2022/01/07 11:10
-21.122666,-52.282032,Travel Dispatch,2022/01/07 14:51,2022/01/07 14:51
-21.123133,-52.282299,Engine stop,2022/01/07 14:53,2022/01/07 14:53
-21.122133,-52.2814,End of movement,2022/01/07 15:10,2022/01/07 15:10
-21.117333,-52.282066,Travel Dispatch,2022/01/07 16:11,2022/01/07 16:11
-21.118232,-52.284566,End of movement,2022/01/07 16:21,2022/01/07 16:21
-21.118232,-52.2846,Engine stop,2022/01/07 16:28,2022/01/07 16:28
-21.120833,-52.281566,Daily Data,2022/01/08 1:09,2022/01/08 1:09
-21.117899,-52.284833,Daily Data,2022/01/08 1:21,2022/01/08 1:21
-21.118366,-52.287,Daily Data,2022/01/08 1:34,2022/01/08 1:34
-21.118866,-52.284466,Daily Data,2022/01/08 1:37,2022/01/08 1:37
-21.119266,-52.285866,Daily Data,2022/01/08 1:38,2022/01/08 1:38
-20.416966,-51.728533,End of movement,2021/12/08 14:37,2021/12/08 14:37
-20.417032,-51.725299,Travel Dispatch,2021/12/08 17:28,2021/12/08 17:28
-20.417766,-51.7258,End of movement,2021/12/08 17:38,2021/12/08 17:38
-20.413033,-51.731266,Travel Dispatch,2021/12/08 18:23,2021/12/08 18:23
-20.412967,-51.732066,End of movement,2021/12/08 18:33,2021/12/08 18:33
-20.418099,-51.725833,Engine stop,2021/12/08 19:00,2021/12/08 19:00
-20.413232,-51.731133,Daily Data,2021/12/09 1:04,2021/12/09 1:04
-20.420033,-51.726833,Daily Data,2021/12/09 1:07,2021/12/09 1:07
-20.414199,-51.729799,Daily Data,2021/12/09 1:08,2021/12/09 1:08
-20.414633,-51.728066,Daily Data,2021/12/09 1:25,2021/12/09 1:25
-20.416266,-51.728666,Daily Data,2021/12/09 1:37,2021/12/09 1:37
-20.413666,-51.729766,Travel Dispatch,2021/12/09 10:44,2021/12/09 10:44
-20.413033,-51.7321,End of movement,2021/12/09 10:54,2021/12/09 10:54
-20.413033,-51.7321,Engine stop,2021/12/09 10:55,2021/12/09 10:55
-20.413133,-51.731599,Travel Dispatch,2021/12/09 15:24,2021/12/09 15:24
-20.413567,-51.7315,End of movement,2021/12/09 15:34,2021/12/09 15:34
-20.417367,-51.730433,Engine stop,2021/12/09 21:42,2021/12/09 21:42
-20.414066,-51.728567,Daily Data,2021/12/10 1:05,2021/12/10 1:05
-20.416033,-51.724299,Daily Data,2021/12/10 1:08,2021/12/10 1:08
-20.414167,-51.7289,Daily Data,2021/12/10 1:09,2021/12/10 1:09
-20.417299,-51.730933,Daily Data,2021/12/10 1:26,2021/12/10 1:26
-20.413966,-51.731733,Daily Data,2021/12/10 1:38,2021/12/10 1:38
-20.416432,-51.7225,Travel Dispatch,2021/12/10 8:14,2021/12/10 8:14
-20.416933,-51.721266,End of movement,2021/12/10 8:24,2021/12/10 8:24
-20.417066,-51.7213,Engine stop,2021/12/10 8:45,2021/12/10 8:45
-20.413366,-51.732333,Engine stop,2021/12/10 9:32,2021/12/10 9:32
-20.418666,-51.717066,Travel Dispatch,2021/12/11 0:20,2021/12/11 0:20
-20.418699,-51.716966,End of movement,2021/12/11 0:30,2021/12/11 0:30
-21.093166,-52.297032,Travel Dispatch,2022/01/08 12:57,2022/01/08 12:57
-21.091833,-52.300033,Engine stop,2022/01/08 13:06,2022/01/08 13:06
-21.091833,-52.300033,End of movement,2022/01/08 13:07,2022/01/08 13:07
-20.4164,-51.722466,Travel Dispatch,2021/12/11 1:04,2021/12/11 1:04
-20.679,-52.096599,Engine stop,2021/12/16 13:23,2021/12/16 13:23
-20.678066,-52.0995,Travel Dispatch,2021/12/17 0:03,2021/12/17 0:03
-20.677133,-52.0983,End of movement,2021/12/17 0:13,2021/12/17 0:13
-20.677066,-52.101166,Daily Data,2021/12/17 1:03,2021/12/17 1:03
-20.679299,-52.097367,Daily Data,2021/12/17 1:08,2021/12/17 1:08
-20.680732,-52.097967,Daily Data,2021/12/18 1:04,2021/12/18 1:04
-20.680299,-52.0984,Daily Data,2021/12/18 1:09,2021/12/18 1:09
-20.686133,-52.093733,Travel Dispatch,2021/12/18 2:30,2021/12/18 2:30
-20.6882,-52.0921,Travel Dispatch,2021/12/18 2:35,2021/12/18 2:35
-20.688166,-52.090166,End of movement,2021/12/18 2:40,2021/12/18 2:40
-20.688266,-52.090533,End of movement,2021/12/18 2:45,2021/12/18 2:45
-20.6884,-52.090933,Engine stop,2021/12/18 3:46,2021/12/18 3:46
-20.687899,-52.0902,Engine stop,2021/12/18 4:10,2021/12/18 4:10
-20.682733,-52.093499,Daily Data,2021/12/19 1:05,2021/12/19 1:05
-20.686366,-52.092066,Daily Data,2021/12/19 1:10,2021/12/19 1:10
-20.690866,-52.092899,Daily Data,2021/12/20 1:06,2021/12/20 1:06
-20.691067,-52.095599,Daily Data,2021/12/20 1:11,2021/12/20 1:11
-20.695066,-52.099766,Travel Dispatch,2021/12/20 16:54,2021/12/20 16:54
-20.696199,-52.100999,End of movement,2021/12/20 17:04,2021/12/20 17:04
-20.695299,-52.100132,Travel Dispatch,2021/12/20 17:40,2021/12/20 17:40
-20.696332,-52.101099,End of movement,2021/12/20 17:50,2021/12/20 17:50
-20.695999,-52.100467,Engine stop,2021/12/20 17:55,2021/12/20 17:55
-20.696366,-52.100866,Engine stop,2021/12/20 18:59,2021/12/20 18:59
-20.693133,-52.097399,Daily Data,2021/12/21 1:07,2021/12/21 1:07
-20.694532,-52.098567,Daily Data,2021/12/21 1:12,2021/12/21 1:12
-20.693932,-52.099133,Daily Data,2021/12/22 1:08,2021/12/22 1:08
-20.691067,-52.096199,Daily Data,2021/12/22 1:13,2021/12/22 1:13
-20.687199,-52.097566,Travel Dispatch,2021/12/23 0:19,2021/12/23 0:19
-20.684532,-52.095132,End of movement,2021/12/23 0:29,2021/12/23 0:29
-20.684733,-52.095033,Daily Data,2021/12/23 1:09,2021/12/23 1:09
-20.689099,-52.097632,Daily Data,2021/12/23 1:14,2021/12/23 1:14
-20.6851,-52.095732,Engine stop,2021/12/23 16:13,2021/12/23 16:13
-20.682632,-52.096599,Daily Data,2021/12/24 1:10,2021/12/24 1:10
-20.4789,-51.785966,Travel Dispatch,2021/09/19 13:14,2021/09/19 13:14
-20.692632,-52.099833,Daily Data,2021/12/24 1:15,2021/12/24 1:15
-20.690833,-52.100966,Daily Data,2021/12/25 7:46,2021/12/24 20:55
-20.684833,-52.095599,Daily Data,2021/12/25 7:52,2021/12/24 20:56
-20.687333,-52.100999,Travel Dispatch,2021/12/25 22:20,2021/12/25 22:20
-20.687266,-52.100933,End of movement,2021/12/25 22:30,2021/12/25 22:30
-20.687032,-52.1009,Engine stop,2021/12/25 22:57,2021/12/25 22:57
-20.683433,-52.097066,Daily Data,2021/12/26 1:12,2021/12/26 1:12
-20.685333,-52.100399,Daily Data,2021/12/26 1:17,2021/12/26 1:17
-20.685933,-52.098266,Daily Data,2021/12/27 1:13,2021/12/27 1:13
-20.6875,-52.102032,Daily Data,2021/12/27 1:18,2021/12/27 1:18
-20.689566,-52.104733,Travel Dispatch,2021/12/27 7:34,2021/12/27 7:34
-20.689633,-52.104733,End of movement,2021/12/27 7:53,2021/12/27 7:53
-20.6919,-52.110533,Travel Dispatch,2021/12/27 15:38,2021/12/27 15:38
-20.692833,-52.114199,End of movement,2021/12/27 15:48,2021/12/27 15:48
-20.6925,-52.112933,Engine stop,2021/12/27 18:10,2021/12/27 18:10
-20.694466,-52.108099,Engine stop,2021/12/27 21:22,2021/12/27 21:22
-20.694699,-52.109,Daily Data,2021/12/28 1:14,2021/12/28 1:14
-20.692833,-52.113033,Daily Data,2021/12/28 1:19,2021/12/28 1:19
-20.694433,-52.111533,Daily Data,2021/12/29 1:15,2021/12/29 1:15
-20.694,-52.113533,Daily Data,2021/12/29 1:20,2021/12/29 1:20
-20.697566,-52.114333,Travel Dispatch,2021/12/29 8:05,2021/12/29 8:05
-20.697967,-52.115299,End of movement,2021/12/29 8:15,2021/12/29 8:15
-20.697299,-52.1114,Daily Data,2021/12/30 1:16,2021/12/30 1:16
-20.698599,-52.112266,Daily Data,2021/12/30 1:21,2021/12/30 1:21
-20.695866,-52.1057,Travel Dispatch,2021/12/30 19:37,2021/12/30 19:37
-20.696799,-52.105166,End of movement,2021/12/30 19:47,2021/12/30 19:47
-20.697166,-52.106566,Daily Data,2021/12/31 1:17,2021/12/31 1:17
-20.696733,-52.108033,Daily Data,2021/12/31 1:22,2021/12/31 1:22
-21.119167,-52.286667,Daily Data,2022/01/09 1:10,2022/01/09 1:10
-21.116766,-52.289,Daily Data,2022/01/09 1:22,2022/01/09 1:22
-21.092733,-52.300467,Daily Data,2022/01/09 1:31,2022/01/09 1:31
-21.119033,-52.285433,Daily Data,2022/01/09 1:35,2022/01/09 1:35
-21.1226,-52.288466,Daily Data,2022/01/09 1:38,2022/01/09 1:38
-21.116699,-52.2895,Daily Data,2022/01/09 1:39,2022/01/09 1:39
-21.1014,-52.280266,Travel Dispatch,2022/01/09 8:31,2022/01/09 8:31
-21.095366,-52.292632,Engine start,2022/01/09 8:46,2022/01/09 8:46
-21.0958,-52.292433,End of movement,2022/01/09 8:54,2022/01/09 8:54
-21.120599,-52.286199,Daily Data,2022/01/10 1:11,2022/01/10 1:11
-21.117933,-52.290433,Daily Data,2022/01/10 1:23,2022/01/10 1:23
-21.097266,-52.293466,Daily Data,2022/01/10 1:27,2022/01/10 1:27
-21.093533,-52.299433,Daily Data,2022/01/10 1:32,2022/01/10 1:32
-21.119966,-52.287466,Daily Data,2022/01/10 1:36,2022/01/10 1:36
-21.120132,-52.291067,Daily Data,2022/01/10 1:39,2022/01/10 1:39
-21.118633,-52.288866,Daily Data,2022/01/10 1:40,2022/01/10 1:40
-20.695866,-52.1046,Travel Dispatch,2021/12/31 7:06,2021/12/31 7:06
-20.695866,-52.104532,End of movement,2021/12/31 7:24,2021/12/31 7:24
-20.697799,-52.107866,Daily Data,2022/01/01 7:55,2021/12/31 20:38
-20.697199,-52.105399,Daily Data,2022/01/01 7:05,2021/12/31 20:49
-20.6983,-52.108133,Daily Data,2022/01/02 1:19,2022/01/02 1:19
-20.6983,-52.105266,Daily Data,2022/01/02 1:24,2022/01/02 1:24
-20.704066,-52.114766,Travel Dispatch,2022/01/02 8:45,2022/01/02 8:45
-20.705732,-52.118366,End of movement,2022/01/02 8:55,2022/01/02 8:55
-20.707133,-52.119532,Engine stop,2022/01/02 12:13,2022/01/02 12:13
-20.703633,-52.114133,Travel Dispatch,2022/01/02 15:44,2022/01/02 15:44
-20.705467,-52.117866,End of movement,2022/01/02 15:54,2022/01/02 15:54
-20.705533,-52.118333,Engine stop,2022/01/02 16:43,2022/01/02 16:43
-20.707233,-52.118266,Daily Data,2022/01/03 1:20,2022/01/03 1:20
-20.707399,-52.1183,Daily Data,2022/01/03 1:25,2022/01/03 1:25
-20.707166,-52.120499,Daily Data,2022/01/04 1:21,2022/01/04 1:21
-20.705999,-52.120433,Daily Data,2022/01/04 1:26,2022/01/04 1:26
-20.702466,-52.118366,Daily Data,2022/01/05 1:22,2022/01/05 1:22
-20.702899,-52.119,Daily Data,2022/01/05 1:27,2022/01/05 1:27
-20.702166,-52.1209,Daily Data,2022/01/06 1:23,2022/01/06 1:23
-20.701533,-52.120266,Daily Data,2022/01/06 1:28,2022/01/06 1:28
-20.698133,-52.115866,Engine stop,2022/01/06 19:19,2022/01/06 19:19
-20.696733,-52.115666,Travel Dispatch,2022/01/06 21:27,2022/01/06 21:27
-20.696099,-52.115467,End of movement,2022/01/06 21:37,2022/01/06 21:37
-20.698266,-52.116466,Daily Data,2022/01/07 1:24,2022/01/07 1:24
-20.698333,-52.117433,Daily Data,2022/01/07 1:29,2022/01/07 1:29
-20.696466,-52.115999,Travel Dispatch,2022/01/07 18:44,2022/01/07 18:44
-20.694466,-52.1145,End of movement,2022/01/07 18:54,2022/01/07 18:54
-20.698099,-52.117333,Daily Data,2022/01/08 1:25,2022/01/08 1:25
-20.6946,-52.1151,Daily Data,2022/01/08 1:30,2022/01/08 1:30
-20.694266,-52.115132,Engine stop,2022/01/08 3:00,2022/01/08 3:00
-20.699833,-52.122967,Daily Data,2022/01/09 1:30,2022/01/09 1:30
-20.705132,-52.124,Travel Dispatch,2022/01/09 5:57,2022/01/09 5:57
-20.479033,-51.785933,End of movement,2021/09/19 13:24,2021/09/19 13:24
-20.483866,-51.785033,Travel Dispatch,2021/09/19 16:27,2021/09/19 16:27
-20.484167,-51.784699,Engine stop,2021/09/19 16:29,2021/09/19 16:29
-20.483466,-51.785467,End of movement,2021/09/19 16:46,2021/09/19 16:46
-20.484133,-51.784699,Engine stop,2021/09/19 17:16,2021/09/19 17:16
-20.483433,-51.782566,Travel Dispatch,2021/09/19 18:50,2021/09/19 18:50
-20.4834,-51.782266,End of movement,2021/09/19 19:00,2021/09/19 19:00
-20.478966,-51.786099,Daily Data,2021/09/20 1:03,2021/09/20 1:03
-20.483466,-51.7864,Daily Data,2021/09/20 1:16,2021/09/20 1:16
-20.482899,-51.783466,Daily Data,2021/09/20 1:19,2021/09/20 1:19
-20.483533,-51.786133,Daily Data,2021/09/20 1:20,2021/09/20 1:20
-20.478533,-51.786633,Daily Data,2021/09/20 1:37,2021/09/20 1:37
-20.482933,-51.782233,Engine start,2021/09/20 12:47,2021/09/20 12:47
-20.492466,-51.779799,Travel Dispatch,2021/09/20 14:23,2021/09/20 14:23
-20.4932,-51.779666,Engine stop,2021/09/20 14:28,2021/09/20 14:28
-20.4933,-51.779699,End of movement,2021/09/20 14:52,2021/09/20 14:52
-20.493466,-51.779566,Travel Dispatch,2021/09/20 16:35,2021/09/20 16:35
-20.496667,-51.778766,End of movement,2021/09/20 16:45,2021/09/20 16:45
-20.4844,-51.785566,Travel Dispatch,2021/09/20 17:46,2021/09/20 17:46
-20.482833,-51.785499,Engine stop,2021/09/20 17:54,2021/09/20 17:54
-20.482833,-51.785533,End of movement,2021/09/20 17:56,2021/09/20 17:56
-20.499266,-51.778333,Engine stop,2021/09/20 18:40,2021/09/20 18:40
-20.4794,-51.787533,Daily Data,2021/09/21 1:04,2021/09/21 1:04
-20.5,-51.778499,Daily Data,2021/09/21 1:17,2021/09/21 1:17
-20.48,-51.786599,Daily Data,2021/09/21 1:20,2021/09/21 1:20
-20.502,-51.779299,Daily Data,2021/09/21 1:21,2021/09/21 1:21
-20.481233,-51.785467,Daily Data,2021/09/21 1:38,2021/09/21 1:38
-20.502299,-51.779633,Travel Dispatch,2021/09/21 8:54,2021/09/21 8:54
-20.502133,-51.781332,End of movement,2021/09/21 9:07,2021/09/21 9:07
-20.502199,-51.781366,Engine start,2021/09/21 10:05,2021/09/21 10:05
-20.493133,-51.779633,Travel Dispatch,2021/09/21 15:53,2021/09/21 15:53
-20.495566,-51.779167,End of movement,2021/09/21 16:03,2021/09/21 16:03
-21.119666,-52.291067,Travel Dispatch,2022/01/10 6:03,2022/01/10 6:03
-21.119699,-52.291199,End of movement,2022/01/10 6:13,2022/01/10 6:13
-21.12,-52.290266,Travel Dispatch,2022/01/10 6:37,2022/01/10 6:37
-21.119899,-52.290366,End of movement,2022/01/10 6:47,2022/01/10 6:47
-20.488033,-51.780866,Travel Dispatch,2021/09/21 16:06,2021/09/21 16:06
-20.494666,-51.779233,Engine stop,2021/09/21 16:17,2021/09/21 16:17
-20.495599,-51.779233,Engine stop,2021/09/21 16:21,2021/09/21 16:21
-20.497166,-51.778699,End of movement,2021/09/21 16:52,2021/09/21 16:52
-20.496733,-51.779066,Daily Data,2021/09/22 1:05,2021/09/22 1:05
-20.501866,-51.781667,Daily Data,2021/09/22 1:18,2021/09/22 1:18
-20.480266,-51.785732,Daily Data,2021/09/22 1:21,2021/09/22 1:21
-20.501933,-51.781432,Daily Data,2021/09/22 1:22,2021/09/22 1:22
-20.4964,-51.7796,Daily Data,2021/09/22 1:39,2021/09/22 1:39
-20.501166,-51.778066,Daily Data,2021/09/23 1:06,2021/09/23 1:06
-20.500366,-51.782433,Daily Data,2021/09/23 1:19,2021/09/23 1:19
-20.481533,-51.784699,Daily Data,2021/09/23 1:22,2021/09/23 1:22
-20.501233,-51.781366,Daily Data,2021/09/23 1:23,2021/09/23 1:23
-20.497799,-51.779033,Daily Data,2021/09/23 1:40,2021/09/23 1:40
-20.4946,-51.779299,Travel Dispatch,2021/09/23 4:14,2021/09/23 4:14
-20.501533,-51.7809,End of movement,2021/09/23 4:34,2021/09/23 4:34
-20.501766,-51.780833,Engine stop,2021/09/23 6:04,2021/09/23 6:04
-20.500533,-51.779066,Daily Data,2021/09/24 1:07,2021/09/24 1:07
-20.5,-51.781099,Daily Data,2021/09/24 1:20,2021/09/24 1:20
-20.499966,-51.782466,Daily Data,2021/09/24 1:23,2021/09/24 1:23
-20.500966,-51.780266,Daily Data,2021/09/24 1:24,2021/09/24 1:24
-20.497733,-51.779633,Daily Data,2021/09/24 1:41,2021/09/24 1:41
-20.498666,-51.778499,Daily Data,2021/09/25 1:08,2021/09/25 1:08
-20.499233,-51.780833,Daily Data,2021/09/25 1:21,2021/09/25 1:21
-20.498599,-51.782999,Daily Data,2021/09/25 1:24,2021/09/25 1:24
-20.499,-51.7809,Daily Data,2021/09/25 1:25,2021/09/25 1:25
-20.497933,-51.780366,Daily Data,2021/09/25 1:42,2021/09/25 1:42
-20.492533,-51.783433,Travel Dispatch,2021/09/25 9:41,2021/09/25 9:41
-21.019299,-52.450266,End of movement,2021/11/09 21:12,2021/11/09 21:12
-21.020732,-52.447899,Engine stop,2021/11/10 1:00,2021/11/10 1:00
-21.012066,-52.476833,Daily Data,2021/11/10 1:08,2021/11/10 1:08
-21.025499,-52.448699,Daily Data,2021/11/10 1:21,2021/11/10 1:21
-21.020766,-52.447799,Daily Data,2021/11/10 1:24,2021/11/10 1:24
-21.0257,-52.448099,Daily Data,2021/11/10 1:25,2021/11/10 1:25
-21.020966,-52.448133,Daily Data,2021/11/10 1:42,2021/11/10 1:42
-21.019532,-52.4563,Travel Dispatch,2021/11/10 9:28,2021/11/10 9:28
-21.014699,-52.4607,Engine start,2021/11/10 9:34,2021/11/10 9:34
-21.014699,-52.460467,End of movement,2021/11/10 10:01,2021/11/10 10:01
-21.020499,-52.449167,Travel Dispatch,2021/11/11 1:06,2021/11/11 1:06
-21.020499,-52.449199,Daily Data,2021/11/11 1:09,2021/11/11 1:09
-21.020566,-52.449266,End of movement,2021/11/11 1:16,2021/11/11 1:16
-21.024699,-52.448599,Daily Data,2021/11/11 1:22,2021/11/11 1:22
-21.022399,-52.447566,Daily Data,2021/11/11 1:25,2021/11/11 1:25
-21.025599,-52.450233,Daily Data,2021/11/11 1:26,2021/11/11 1:26
-21.020399,-52.449199,Daily Data,2021/11/11 1:43,2021/11/11 1:43
-21.021866,-52.450366,Engine stop,2021/11/11 3:03,2021/11/11 3:03
-21.020166,-52.450233,Daily Data,2021/11/12 1:10,2021/11/12 1:10
-21.023699,-52.4526,Daily Data,2021/11/12 1:23,2021/11/12 1:23
-21.023166,-52.448466,Daily Data,2021/11/12 1:26,2021/11/12 1:26
-21.024233,-52.4515,Daily Data,2021/11/12 1:27,2021/11/12 1:27
-21.0209,-52.451133,Daily Data,2021/11/12 1:44,2021/11/12 1:44
-21.015266,-52.456067,Travel Dispatch,2021/11/13 0:58,2021/11/13 0:58
-21.015233,-52.456166,End of movement,2021/11/13 1:08,2021/11/13 1:08
-21.017933,-52.452466,Daily Data,2021/11/13 1:11,2021/11/13 1:11
-21.016799,-52.454933,Daily Data,2021/11/13 1:24,2021/11/13 1:24
-21.021233,-52.452833,Daily Data,2021/11/13 1:27,2021/11/13 1:27
-21.0151,-52.456366,Daily Data,2021/11/13 1:28,2021/11/13 1:28
-21.0182,-52.451332,Daily Data,2021/11/13 1:45,2021/11/13 1:45
-21.016067,-52.4552,Travel Dispatch,2021/11/13 2:51,2021/11/13 2:51
-21.016667,-52.454,End of movement,2021/11/13 3:01,2021/11/13 3:01
-20.491699,-51.782833,Engine stop,2021/09/25 9:49,2021/09/25 9:49
-20.491667,-51.782799,End of movement,2021/09/25 10:00,2021/09/25 10:00
-20.497933,-51.7814,Daily Data,2021/09/26 1:09,2021/09/26 1:09
-20.496099,-51.7814,Daily Data,2021/09/26 1:22,2021/09/26 1:22
-20.497299,-51.782866,Daily Data,2021/09/26 1:25,2021/09/26 1:25
-20.498333,-51.781866,Daily Data,2021/09/26 1:26,2021/09/26 1:26
-20.497,-51.779867,Daily Data,2021/09/26 1:43,2021/09/26 1:43
-20.493133,-51.7825,Travel Dispatch,2021/09/26 16:57,2021/09/26 16:57
-20.493066,-51.782367,End of movement,2021/09/26 17:07,2021/09/26 17:07
-20.492166,-51.782199,Engine stop,2021/09/26 18:56,2021/09/26 18:56
-20.4858,-51.781533,Travel Dispatch,2021/09/26 19:37,2021/09/26 19:37
-20.4858,-51.7815,Engine start,2021/09/26 19:47,2021/09/26 19:47
-20.485833,-51.7815,End of movement,2021/09/26 19:47,2021/09/26 19:47
-20.487666,-51.780999,Travel Dispatch,2021/09/26 20:27,2021/09/26 20:27
-20.485499,-51.787399,End of movement,2021/09/26 20:46,2021/09/26 20:46
-20.485499,-51.787399,Engine stop,2021/09/26 20:47,2021/09/26 20:47
-20.487899,-51.796599,Travel Dispatch,2021/09/26 21:24,2021/09/26 21:24
-20.487733,-51.7963,End of movement,2021/09/26 21:34,2021/09/26 21:34
-20.487999,-51.7969,Engine stop,2021/09/27 0:07,2021/09/27 0:07
-20.4915,-51.782333,Daily Data,2021/09/27 1:10,2021/09/27 1:10
-20.4864,-51.789299,Daily Data,2021/09/27 1:23,2021/09/27 1:23
-20.488033,-51.796633,Daily Data,2021/09/27 1:26,2021/09/27 1:26
-20.490533,-51.782133,Daily Data,2021/09/27 1:27,2021/09/27 1:27
-20.4933,-51.787833,Daily Data,2021/09/27 1:44,2021/09/27 1:44
-20.488166,-51.780866,Travel Dispatch,2021/09/27 2:59,2021/09/27 2:59
-20.4896,-51.788699,End of movement,2021/09/27 3:22,2021/09/27 3:22
-20.493133,-51.788866,Engine stop,2021/09/27 9:33,2021/09/27 9:33
-20.4919,-51.790633,Daily Data,2021/09/28 1:11,2021/09/28 1:11
-21.012233,-52.457032,Engine stop,2021/11/13 6:28,2021/11/13 6:28
-20.487899,-51.789799,Daily Data,2021/09/28 1:24,2021/09/28 1:24
-20.49,-51.798866,Daily Data,2021/09/28 1:27,2021/09/28 1:27
-20.488866,-51.789867,Daily Data,2021/09/28 1:28,2021/09/28 1:28
-20.416766,-51.721533,Daily Data,2021/12/11 1:06,2021/12/11 1:06
-20.417133,-51.722632,Daily Data,2021/12/11 1:09,2021/12/11 1:09
-20.418499,-51.7175,Daily Data,2021/12/11 1:10,2021/12/11 1:10
-20.4182,-51.718232,End of movement,2021/12/11 1:20,2021/12/11 1:20
-20.419666,-51.724,Daily Data,2021/12/11 1:27,2021/12/11 1:27
-20.417333,-51.721099,Daily Data,2021/12/11 1:39,2021/12/11 1:39
-20.418133,-51.718266,Engine stop,2021/12/11 2:14,2021/12/11 2:14
-20.419333,-51.715866,Daily Data,2021/12/12 1:07,2021/12/12 1:07
-20.417833,-51.725467,Daily Data,2021/12/12 1:10,2021/12/12 1:10
-20.419532,-51.7159,Daily Data,2021/12/12 1:11,2021/12/12 1:11
-20.420566,-51.723366,Daily Data,2021/12/12 1:28,2021/12/12 1:28
-20.4177,-51.719566,Daily Data,2021/12/12 1:40,2021/12/12 1:40
-20.419966,-51.719633,Engine stop,2021/12/12 15:57,2021/12/12 15:57
-20.420499,-51.716099,Daily Data,2021/12/13 1:08,2021/12/13 1:08
-20.420866,-51.723733,Daily Data,2021/12/13 1:11,2021/12/13 1:11
-20.420266,-51.715433,Daily Data,2021/12/13 1:12,2021/12/13 1:12
-20.4195,-51.7202,Daily Data,2021/12/13 1:29,2021/12/13 1:29
-20.420066,-51.718966,Daily Data,2021/12/13 1:41,2021/12/13 1:41
-20.419666,-51.718932,Travel Dispatch,2021/12/13 6:27,2021/12/13 6:27
-20.422133,-51.708099,End of movement,2021/12/13 6:50,2021/12/13 6:50
-20.420132,-51.716199,Travel Dispatch,2021/12/13 7:08,2021/12/13 7:08
-20.421466,-51.709633,End of movement,2021/12/13 7:24,2021/12/13 7:24
-20.421366,-51.711199,Engine stop,2021/12/13 7:30,2021/12/13 7:30
-20.422299,-51.707899,Engine stop,2021/12/13 7:41,2021/12/13 7:41
-21.1196,-52.291766,Engine stop,2022/01/10 8:42,2022/01/10 8:42
-21.119532,-52.292866,Engine stop,2022/01/10 8:53,2022/01/10 8:53
-21.0996,-52.290366,Travel Dispatch,2022/01/10 12:15,2022/01/10 12:15
-20.4925,-51.788033,Daily Data,2021/09/28 1:45,2021/09/28 1:45
-21.0995,-52.290266,End of movement,2022/01/10 12:25,2022/01/10 12:25
-21.1196,-52.293567,Travel Dispatch,2022/01/10 12:54,2022/01/10 12:54
-21.1208,-52.294966,End of movement,2022/01/10 13:04,2022/01/10 13:04
-21.099466,-52.290233,Engine stop,2022/01/10 13:44,2022/01/10 13:44
-21.011533,-52.457166,Travel Dispatch,2021/11/13 8:10,2021/11/13 8:10
-21.010633,-52.457199,End of movement,2021/11/13 8:20,2021/11/13 8:20
-21.015833,-52.454633,Engine stop,2021/11/13 8:32,2021/11/13 8:32
-21.016799,-52.4576,Engine start,2021/11/13 17:21,2021/11/13 17:21
-20.420766,-51.711667,Travel Dispatch,2021/12/13 8:02,2021/12/13 8:02
-20.4221,-51.708433,End of movement,2021/12/13 8:19,2021/12/13 8:19
-20.421533,-51.709899,Engine stop,2021/12/13 8:43,2021/12/13 8:43
-21.012166,-52.457399,Daily Data,2021/11/14 1:00,2021/11/14 1:00
-20.422733,-51.706699,Engine stop,2021/12/13 11:08,2021/12/13 11:08
-20.420666,-51.711533,Daily Data,2021/12/14 1:09,2021/12/14 1:09
-20.421933,-51.708599,Daily Data,2021/12/14 1:12,2021/12/14 1:12
-20.422967,-51.712066,Daily Data,2021/12/14 1:13,2021/12/14 1:13
-20.422967,-51.707833,Daily Data,2021/12/14 1:30,2021/12/14 1:30
-20.423433,-51.706799,Daily Data,2021/12/14 1:42,2021/12/14 1:42
-20.420499,-51.712399,Daily Data,2021/12/15 1:10,2021/12/15 1:10
-20.422032,-51.708499,Daily Data,2021/12/15 1:13,2021/12/15 1:13
-20.422299,-51.712967,Daily Data,2021/12/15 1:14,2021/12/15 1:14
-20.424266,-51.716966,Daily Data,2021/12/15 1:31,2021/12/15 1:31
-20.4234,-51.7057,Daily Data,2021/12/15 1:43,2021/12/15 1:43
-20.423533,-51.7177,Travel Dispatch,2021/12/15 7:44,2021/12/15 7:44
-20.420266,-51.726566,End of movement,2021/12/15 8:06,2021/12/15 8:06
-20.421432,-51.723266,Engine stop,2021/12/15 8:20,2021/12/15 8:20
-20.423133,-51.718966,Travel Dispatch,2021/12/15 18:09,2021/12/15 18:09
-20.422799,-51.719867,Engine stop,2021/12/15 18:13,2021/12/15 18:13
-20.422799,-51.719867,End of movement,2021/12/15 18:19,2021/12/15 18:19
-20.417766,-51.733366,Travel Dispatch,2021/12/15 18:58,2021/12/15 18:58
-20.420266,-51.726699,Travel Dispatch,2021/12/15 19:01,2021/12/15 19:01
-20.418766,-51.734532,End of movement,2021/12/15 19:08,2021/12/15 19:08
-20.422133,-51.7359,End of movement,2021/12/15 19:27,2021/12/15 19:27
-20.418666,-51.734433,Engine stop,2021/12/15 19:29,2021/12/15 19:29
-20.419799,-51.727833,Travel Dispatch,2021/12/15 21:49,2021/12/15 21:49
-20.421266,-51.7357,Engine stop,2021/12/15 22:04,2021/12/15 22:04
-21.121099,-52.295467,Engine stop,2022/01/10 13:51,2022/01/10 13:51
-21.1138,-52.289466,Travel Dispatch,2022/01/10 16:16,2022/01/10 16:16
-21.111533,-52.293166,End of movement,2022/01/10 16:26,2022/01/10 16:26
-21.112466,-52.291533,Engine stop,2022/01/10 17:42,2022/01/10 17:42
-21.117666,-52.292066,Daily Data,2022/01/11 1:12,2022/01/11 1:12
-21.117766,-52.293033,Daily Data,2022/01/11 1:24,2022/01/11 1:24
-21.103466,-52.286067,Daily Data,2022/01/11 1:28,2022/01/11 1:28
-21.100966,-52.291332,Daily Data,2022/01/11 1:33,2022/01/11 1:33
-21.114,-52.290233,Daily Data,2022/01/11 1:37,2022/01/11 1:37
-21.104799,-52.286966,Travel Dispatch,2022/01/11 1:38,2022/01/11 1:38
-21.120732,-52.295533,Daily Data,2022/01/11 1:40,2022/01/11 1:40
-21.112566,-52.291432,Daily Data,2022/01/11 1:41,2022/01/11 1:41
-20.492666,-51.789333,Daily Data,2021/09/29 1:00,2021/09/29 1:00
-20.4909,-51.789033,Daily Data,2021/09/29 1:12,2021/09/29 1:12
-20.487833,-51.791099,Daily Data,2021/09/29 1:25,2021/09/29 1:25
-20.491699,-51.798166,Daily Data,2021/09/29 1:28,2021/09/29 1:28
-20.489099,-51.790966,Daily Data,2021/09/29 1:29,2021/09/29 1:29
-20.489033,-51.791966,Travel Dispatch,2021/09/29 6:42,2021/09/29 6:42
-20.489033,-51.792032,End of movement,2021/09/29 6:52,2021/09/29 6:52
-20.489167,-51.7927,Engine stop,2021/09/29 8:04,2021/09/29 8:04
-20.491933,-51.791099,Travel Dispatch,2021/09/29 19:49,2021/09/29 19:49
-20.491766,-51.791533,Engine stop,2021/09/29 19:49,2021/09/29 19:49
-20.491799,-51.7915,End of movement,2021/09/29 19:59,2021/09/29 19:59
-20.491099,-51.790233,Daily Data,2021/09/30 1:01,2021/09/30 1:01
-20.489699,-51.789133,Daily Data,2021/09/30 1:13,2021/09/30 1:13
-20.490299,-51.7926,Daily Data,2021/09/30 1:26,2021/09/30 1:26
-20.490299,-51.7971,Daily Data,2021/09/30 1:29,2021/09/30 1:29
-20.489666,-51.790166,Daily Data,2021/09/30 1:30,2021/09/30 1:30
-20.490266,-51.797,Travel Dispatch,2021/09/30 17:35,2021/09/30 17:35
-20.489733,-51.798832,Engine stop,2021/09/30 17:41,2021/09/30 17:41
-20.489899,-51.798567,End of movement,2021/09/30 18:01,2021/09/30 18:01
-20.491599,-51.797066,Daily Data,2021/10/01 1:02,2021/10/01 1:02
-21.104466,-52.286933,End of movement,2022/01/11 1:48,2022/01/11 1:48
-21.104966,-52.287433,Engine stop,2022/01/11 3:03,2022/01/11 3:03
-21.117833,-52.294233,Travel Dispatch,2022/01/11 6:30,2022/01/11 6:30
-21.117632,-52.292032,End of movement,2022/01/11 6:45,2022/01/11 6:45
-21.116799,-52.293232,Daily Data,2022/01/12 1:13,2022/01/12 1:13
-21.1164,-52.292133,Daily Data,2022/01/12 1:25,2022/01/12 1:25
-21.104033,-52.287766,Daily Data,2022/01/12 1:29,2022/01/12 1:29
-21.1038,-52.289833,Daily Data,2022/01/12 1:34,2022/01/12 1:34
-21.115266,-52.296667,Daily Data,2022/01/12 1:38,2022/01/12 1:38
-21.119833,-52.295599,Daily Data,2022/01/12 1:41,2022/01/12 1:41
-21.115732,-52.297199,Daily Data,2022/01/12 1:42,2022/01/12 1:42
-21.113932,-52.2913,Daily Data,2022/01/13 1:14,2022/01/13 1:14
-21.113033,-52.2919,Daily Data,2022/01/13 1:26,2022/01/13 1:26
-21.111799,-52.292566,Travel Dispatch,2022/01/13 1:29,2022/01/13 1:29
-21.105467,-52.289966,Daily Data,2022/01/13 1:30,2022/01/13 1:30
-21.105166,-52.293966,Daily Data,2022/01/13 1:35,2022/01/13 1:35
-21.116633,-52.297632,Daily Data,2022/01/13 1:39,2022/01/13 1:39
-21.113433,-52.295132,End of movement,2022/01/13 1:39,2022/01/13 1:39
-21.113433,-52.2951,Daily Data,2022/01/13 1:42,2022/01/13 1:42
-21.116933,-52.298266,Daily Data,2022/01/13 1:43,2022/01/13 1:43
-21.1107,-52.293099,Travel Dispatch,2022/01/13 16:12,2022/01/13 16:12
-21.107733,-52.290266,End of movement,2022/01/13 16:22,2022/01/13 16:22
-21.1119,-52.2938,Engine stop,2022/01/13 16:28,2022/01/13 16:28
-21.107899,-52.290299,Engine stop,2022/01/13 16:32,2022/01/13 16:32
-21.108633,-52.291033,Travel Dispatch,2022/01/13 20:54,2022/01/13 20:54
-21.108266,-52.289933,End of movement,2022/01/13 21:04,2022/01/13 21:04
-21.107899,-52.290433,Engine stop,2022/01/13 23:24,2022/01/13 23:24
-21.105132,-52.296599,Travel Dispatch,2022/01/14 0:11,2022/01/14 0:11
-21.103366,-52.302799,End of movement,2022/01/14 0:28,2022/01/14 0:28
-21.102833,-52.3025,Engine stop,2022/01/14 1:12,2022/01/14 1:12
-21.109299,-52.2875,Daily Data,2022/01/14 1:15,2022/01/14 1:15
-21.107899,-52.290433,Daily Data,2022/01/14 1:27,2022/01/14 1:27
-20.4902,-51.795933,Daily Data,2021/10/01 1:14,2021/10/01 1:14
-20.489299,-51.793366,Daily Data,2021/10/01 1:27,2021/10/01 1:27
-20.495566,-51.792899,Daily Data,2021/10/01 1:30,2021/10/01 1:30
-20.486366,-51.791033,Daily Data,2021/10/01 1:31,2021/10/01 1:31
-20.497,-51.791233,Travel Dispatch,2021/10/01 6:02,2021/10/01 6:02
-20.496466,-51.791432,End of movement,2021/10/01 6:12,2021/10/01 6:12
-20.497533,-51.793066,Engine stop,2021/10/01 14:59,2021/10/01 14:59
-20.500066,-51.801033,Travel Dispatch,2021/10/01 17:08,2021/10/01 17:08
-20.500132,-51.801099,End of movement,2021/10/01 17:18,2021/10/01 17:18
-20.5008,-51.796199,Travel Dispatch,2021/10/01 21:01,2021/10/01 21:01
-20.5009,-51.796133,End of movement,2021/10/01 21:11,2021/10/01 21:11
-20.501067,-51.7963,Daily Data,2021/10/02 1:03,2021/10/02 1:03
-20.490299,-51.795,Daily Data,2021/10/02 1:15,2021/10/02 1:15
-20.502032,-51.799933,Daily Data,2021/10/02 1:31,2021/10/02 1:31
-20.492566,-51.798099,Daily Data,2021/10/02 1:32,2021/10/02 1:32
-20.495132,-51.7976,Daily Data,2021/10/02 1:32,2021/10/02 1:32
-20.500966,-51.7965,Engine stop,2021/10/02 3:14,2021/10/02 3:14
-20.498033,-51.796733,Travel Dispatch,2021/10/02 8:38,2021/10/02 8:38
-20.500033,-51.796332,End of movement,2021/10/02 8:48,2021/10/02 8:48
-20.4989,-51.796466,Travel Dispatch,2021/10/02 9:19,2021/10/02 9:19
-20.500566,-51.7969,Engine stop,2021/10/02 9:28,2021/10/02 9:28
-20.500566,-51.796933,End of movement,2021/10/02 9:29,2021/10/02 9:29
-20.502032,-51.795933,Engine stop,2021/10/02 11:36,2021/10/02 11:36
-20.498599,-51.796533,Travel Dispatch,2021/10/02 19:24,2021/10/02 19:24
-20.498633,-51.796466,End of movement,2021/10/02 19:34,2021/10/02 19:34
-20.5025,-51.796099,Engine stop,2021/10/03 0:31,2021/10/03 0:31
-20.504433,-51.7965,Daily Data,2021/10/03 1:04,2021/10/03 1:04
-20.502799,-51.795933,Daily Data,2021/10/03 1:16,2021/10/03 1:16
-20.502799,-51.799633,Daily Data,2021/10/03 1:29,2021/10/03 1:29
-20.502299,-51.800999,Daily Data,2021/10/03 1:32,2021/10/03 1:32
-20.502233,-51.796466,Daily Data,2021/10/03 1:33,2021/10/03 1:33
-20.501466,-51.798333,Daily Data,2021/10/04 1:05,2021/10/04 1:05
-20.5045,-51.797799,Daily Data,2021/10/04 1:17,2021/10/04 1:17
-20.506966,-51.798232,Daily Data,2021/10/04 1:30,2021/10/04 1:30
-20.503699,-51.798633,Daily Data,2021/10/04 1:33,2021/10/04 1:33
-20.506133,-51.8008,Daily Data,2021/10/04 1:34,2021/10/04 1:34
-20.509133,-51.793766,Travel Dispatch,2021/10/04 17:03,2021/10/04 17:03
-20.512799,-51.792833,End of movement,2021/10/04 17:18,2021/10/04 17:18
-20.512632,-51.793133,Engine stop,2021/10/04 18:01,2021/10/04 18:01
-20.506332,-51.797566,Daily Data,2021/10/05 1:06,2021/10/05 1:06
-20.505399,-51.7969,Daily Data,2021/10/05 1:18,2021/10/05 1:18
-20.501133,-51.795233,Daily Data,2021/10/05 1:31,2021/10/05 1:31
-20.512533,-51.793866,Daily Data,2021/10/05 1:34,2021/10/05 1:34
-20.506466,-51.799366,Daily Data,2021/10/05 1:35,2021/10/05 1:35
-20.509033,-51.800066,Travel Dispatch,2021/10/05 1:46,2021/10/05 1:46
-20.511766,-51.799366,End of movement,2021/10/05 1:56,2021/10/05 1:56
-20.511766,-51.7996,Engine stop,2021/10/05 2:33,2021/10/05 2:33
-20.509899,-51.794933,Travel Dispatch,2021/10/05 12:21,2021/10/05 12:21
-20.510033,-51.794899,End of movement,2021/10/05 12:31,2021/10/05 12:31
-20.510399,-51.7945,Engine stop,2021/10/05 14:17,2021/10/05 14:17
-20.507632,-51.794133,Travel Dispatch,2021/10/05 19:20,2021/10/05 19:20
-20.513266,-51.792833,End of movement,2021/10/05 19:35,2021/10/05 19:35
-20.513333,-51.792733,Engine stop,2021/10/05 19:38,2021/10/05 19:38
-20.509766,-51.793832,Daily Data,2021/10/06 1:07,2021/10/06 1:07
-20.513499,-51.7927,Daily Data,2021/10/06 1:19,2021/10/06 1:19
-20.496366,-51.7952,Daily Data,2021/10/06 1:32,2021/10/06 1:32
-20.5101,-51.795399,Daily Data,2021/10/06 1:35,2021/10/06 1:35
-20.514566,-51.7938,Daily Data,2021/10/06 1:36,2021/10/06 1:36
-20.514366,-51.785299,Travel Dispatch,2021/10/06 18:51,2021/10/06 18:51
-20.515467,-51.782799,End of movement,2021/10/06 19:01,2021/10/06 19:01
-20.515499,-51.782833,Engine stop,2021/10/06 19:12,2021/10/06 19:12
-20.516966,-51.7832,Daily Data,2021/10/07 1:08,2021/10/07 1:08
-20.513033,-51.794033,Daily Data,2021/10/07 1:20,2021/10/07 1:20
-20.496133,-51.794833,Daily Data,2021/10/07 1:33,2021/10/07 1:33
-21.012233,-52.459099,Daily Data,2021/11/14 1:12,2021/11/14 1:12
-21.014167,-52.458133,Daily Data,2021/11/14 1:25,2021/11/14 1:25
-21.018433,-52.4575,Daily Data,2021/11/14 1:28,2021/11/14 1:28
-21.014199,-52.458466,Daily Data,2021/11/14 1:29,2021/11/14 1:29
-21.015933,-52.458232,Engine stop,2021/11/14 1:46,2021/11/14 1:46
-21.019633,-52.456332,Travel Dispatch,2021/11/14 14:25,2021/11/14 14:25
-21.020066,-52.456466,End of movement,2021/11/14 14:35,2021/11/14 14:35
-21.0215,-52.457166,Engine stop,2021/11/14 21:07,2021/11/14 21:07
-21.021699,-52.458166,Daily Data,2021/11/15 1:01,2021/11/15 1:01
-21.021033,-52.456933,Daily Data,2021/11/15 1:13,2021/11/15 1:13
-21.021099,-52.459233,Daily Data,2021/11/15 1:26,2021/11/15 1:26
-21.016166,-52.4584,Daily Data,2021/11/15 1:29,2021/11/15 1:29
-21.020999,-52.460666,Daily Data,2021/11/15 1:30,2021/11/15 1:30
-21.018932,-52.459933,Travel Dispatch,2021/11/15 12:34,2021/11/15 12:34
-21.019133,-52.461799,End of movement,2021/11/15 12:53,2021/11/15 12:53
-21.021599,-52.463666,Travel Dispatch,2021/11/15 14:58,2021/11/15 14:58
-21.021332,-52.464266,End of movement,2021/11/15 15:08,2021/11/15 15:08
-21.021099,-52.4645,Engine stop,2021/11/15 16:45,2021/11/15 16:45
-21.0207,-52.458567,Daily Data,2021/11/16 1:02,2021/11/16 1:02
-21.0194,-52.4571,Daily Data,2021/11/16 1:14,2021/11/16 1:14
-21.0207,-52.464099,Daily Data,2021/11/16 1:27,2021/11/16 1:27
-21.014299,-52.4625,Daily Data,2021/11/16 1:30,2021/11/16 1:30
-21.019833,-52.460399,Daily Data,2021/11/16 1:31,2021/11/16 1:31
-21.021566,-52.463066,Engine stop,2021/11/16 5:12,2021/11/16 5:12
-21.019633,-52.465833,Travel Dispatch,2021/11/16 5:37,2021/11/16 5:37
-21.019532,-52.4659,End of movement,2021/11/16 5:47,2021/11/16 5:47
-21.019532,-52.466133,Travel Dispatch,2021/11/16 8:35,2021/11/16 8:35
-21.020333,-52.4651,Travel Dispatch,2021/11/16 8:35,2021/11/16 8:35
-21.016067,-52.466067,End of movement,2021/11/16 8:45,2021/11/16 8:45
-21.016067,-52.466266,End of movement,2021/11/16 8:53,2021/11/16 8:53
-21.017399,-52.465966,Daily Data,2021/11/17 1:03,2021/11/17 1:03
-21.017999,-52.465033,Daily Data,2021/11/17 1:15,2021/11/17 1:15
-20.509933,-51.794299,Daily Data,2021/10/07 1:36,2021/10/07 1:36
-20.514,-51.793866,Daily Data,2021/10/07 1:37,2021/10/07 1:37
-20.515033,-51.782733,Travel Dispatch,2021/10/07 9:01,2021/10/07 9:01
-20.518033,-51.783533,End of movement,2021/10/07 9:20,2021/10/07 9:20
-20.516466,-51.783033,Engine stop,2021/10/07 16:09,2021/10/07 16:09
-20.516733,-51.783766,Daily Data,2021/10/08 1:09,2021/10/08 1:09
-20.520266,-51.789766,Travel Dispatch,2021/10/08 1:21,2021/10/08 1:21
-20.515132,-51.783133,Daily Data,2021/10/08 1:21,2021/10/08 1:21
-20.522066,-51.7877,End of movement,2021/10/08 1:31,2021/10/08 1:31
-20.500866,-51.792199,Daily Data,2021/10/08 1:34,2021/10/08 1:34
-20.517,-51.791432,Daily Data,2021/10/08 1:37,2021/10/08 1:37
-20.521866,-51.787133,Daily Data,2021/10/08 1:38,2021/10/08 1:38
-20.521799,-51.787266,Engine stop,2021/10/08 2:05,2021/10/08 2:05
-20.517266,-51.785033,Daily Data,2021/10/09 1:10,2021/10/09 1:10
-20.514699,-51.783066,Daily Data,2021/10/09 1:22,2021/10/09 1:22
-20.5009,-51.791699,Daily Data,2021/10/09 1:35,2021/10/09 1:35
-20.517233,-51.789532,Daily Data,2021/10/09 1:38,2021/10/09 1:38
-20.518533,-51.789833,Daily Data,2021/10/09 1:39,2021/10/09 1:39
-20.5151,-51.785,Daily Data,2021/10/10 1:11,2021/10/10 1:11
-20.516667,-51.785467,Daily Data,2021/10/10 1:23,2021/10/10 1:23
-20.499867,-51.792367,Daily Data,2021/10/10 1:36,2021/10/10 1:36
-20.5159,-51.789366,Daily Data,2021/10/10 1:39,2021/10/10 1:39
-20.5176,-51.788333,Daily Data,2021/10/10 1:44,2021/10/10 1:44
-20.514666,-51.787367,Daily Data,2021/10/11 1:12,2021/10/11 1:12
-20.513733,-51.787367,Daily Data,2021/10/11 1:24,2021/10/11 1:24
-20.500333,-51.794666,Daily Data,2021/10/11 1:37,2021/10/11 1:37
-20.516766,-51.787632,Daily Data,2021/10/11 1:40,2021/10/11 1:40
-20.5171,-51.7858,Daily Data,2021/10/11 1:41,2021/10/11 1:41
-20.513066,-51.786766,Travel Dispatch,2021/10/11 11:09,2021/10/11 11:09
-20.512666,-51.786933,Engine stop,2021/10/11 11:10,2021/10/11 11:10
-20.512632,-51.786933,End of movement,2021/10/11 11:33,2021/10/11 11:33
-20.511599,-51.787766,Daily Data,2021/10/12 1:13,2021/10/12 1:13
-20.420366,-51.735467,End of movement,2021/12/15 22:19,2021/12/15 22:19
-20.422999,-51.719233,Travel Dispatch,2021/12/15 22:31,2021/12/15 22:31
-20.422632,-51.720299,Engine stop,2021/12/15 22:33,2021/12/15 22:33
-20.4226,-51.720333,End of movement,2021/12/15 22:41,2021/12/15 22:41
-20.418499,-51.734167,Engine stop,2021/12/15 23:32,2021/12/15 23:32
-20.420966,-51.735467,Engine stop,2021/12/15 23:33,2021/12/15 23:33
-20.423232,-51.732999,Travel Dispatch,2021/12/15 23:52,2021/12/15 23:52
-20.423533,-51.732233,End of movement,2021/12/16 0:02,2021/12/16 0:02
-20.423466,-51.732032,Engine stop,2021/12/16 0:16,2021/12/16 0:16
-20.420966,-51.7352,Daily Data,2021/12/16 1:11,2021/12/16 1:11
-20.423466,-51.732266,Daily Data,2021/12/16 1:14,2021/12/16 1:14
-20.4209,-51.734766,Daily Data,2021/12/16 1:15,2021/12/16 1:15
-20.4188,-51.730499,Daily Data,2021/12/16 1:32,2021/12/16 1:32
-20.418533,-51.7315,Daily Data,2021/12/16 1:44,2021/12/16 1:44
-20.424699,-51.728699,Daily Data,2021/12/17 1:12,2021/12/17 1:12
-20.4233,-51.729833,Daily Data,2021/12/17 1:15,2021/12/17 1:15
-20.420933,-51.731667,Daily Data,2021/12/17 1:16,2021/12/17 1:16
-20.419666,-51.730132,Daily Data,2021/12/17 1:33,2021/12/17 1:33
-20.420433,-51.729666,Daily Data,2021/12/17 1:45,2021/12/17 1:45
-20.427766,-51.732266,Travel Dispatch,2021/12/17 21:45,2021/12/17 21:45
-20.427133,-51.732866,End of movement,2021/12/17 21:55,2021/12/17 21:55
-20.428333,-51.731799,Daily Data,2021/12/18 1:00,2021/12/18 1:00
-20.425533,-51.732733,Daily Data,2021/12/18 1:13,2021/12/18 1:13
-20.429099,-51.734666,Daily Data,2021/12/18 1:16,2021/12/18 1:16
-20.4259,-51.732666,Daily Data,2021/12/18 1:17,2021/12/18 1:17
-20.4271,-51.733066,Daily Data,2021/12/18 1:34,2021/12/18 1:34
-20.427666,-51.7326,Engine stop,2021/12/18 2:22,2021/12/18 2:22
-20.428266,-51.731633,Engine stop,2021/12/18 21:54,2021/12/18 21:54
-20.426033,-51.733567,Daily Data,2021/12/19 1:01,2021/12/19 1:01
-20.424833,-51.732866,Daily Data,2021/12/19 1:14,2021/12/19 1:14
-20.43,-51.730467,Daily Data,2021/12/19 1:17,2021/12/19 1:17
-20.427967,-51.730399,Daily Data,2021/12/19 1:18,2021/12/19 1:18
-21.019766,-52.464266,Daily Data,2021/11/17 1:28,2021/11/17 1:28
-21.012367,-52.465066,Daily Data,2021/11/17 1:31,2021/11/17 1:31
-21.0184,-52.4663,Daily Data,2021/11/17 1:32,2021/11/17 1:32
-21.017933,-52.466933,Engine stop,2021/11/17 16:02,2021/11/17 16:02
-21.011766,-52.467433,Engine stop,2021/11/17 16:31,2021/11/17 16:31
-21.017299,-52.466733,Daily Data,2021/11/18 1:04,2021/11/18 1:04
-21.015999,-52.468166,Daily Data,2021/11/18 1:16,2021/11/18 1:16
-21.013499,-52.467999,Daily Data,2021/11/18 1:29,2021/11/18 1:29
-20.427999,-51.731166,Daily Data,2021/12/19 1:35,2021/12/19 1:35
-21.012133,-52.466866,Daily Data,2021/11/18 1:32,2021/11/18 1:32
-21.014933,-52.465966,Daily Data,2021/11/18 1:33,2021/11/18 1:33
-21.013733,-52.467933,Engine start,2021/11/18 4:55,2021/11/18 4:55
-20.429266,-51.727766,Travel Dispatch,2021/12/19 12:49,2021/12/19 12:49
-20.429333,-51.727833,End of movement,2021/12/19 13:28,2021/12/19 13:28
-20.426366,-51.728466,Daily Data,2021/12/20 1:02,2021/12/20 1:02
-20.423866,-51.727632,Daily Data,2021/12/20 1:15,2021/12/20 1:15
-20.426833,-51.724266,Daily Data,2021/12/20 1:18,2021/12/20 1:18
-20.4239,-51.727367,Daily Data,2021/12/20 1:19,2021/12/20 1:19
-20.426667,-51.729366,Daily Data,2021/12/20 1:36,2021/12/20 1:36
-20.420866,-51.7263,Travel Dispatch,2021/12/20 12:43,2021/12/20 12:43
-20.420533,-51.726099,End of movement,2021/12/20 12:53,2021/12/20 12:53
-20.420333,-51.726733,Travel Dispatch,2021/12/20 13:58,2021/12/20 13:58
-20.420033,-51.727466,End of movement,2021/12/20 14:08,2021/12/20 14:08
-20.420633,-51.725866,Travel Dispatch,2021/12/20 19:27,2021/12/20 19:27
-20.421599,-51.726466,End of movement,2021/12/20 19:37,2021/12/20 19:37
-20.421266,-51.7259,Engine stop,2021/12/20 21:08,2021/12/20 21:08
-20.420399,-51.728366,Daily Data,2021/12/21 1:03,2021/12/21 1:03
-20.422166,-51.725999,Daily Data,2021/12/21 1:16,2021/12/21 1:16
-20.4257,-51.725066,Daily Data,2021/12/21 1:19,2021/12/21 1:19
-20.422866,-51.726067,Daily Data,2021/12/21 1:20,2021/12/21 1:20
-20.419933,-51.7284,Daily Data,2021/12/21 1:37,2021/12/21 1:37
-20.421833,-51.725399,Engine stop,2021/12/21 6:55,2021/12/21 6:55
-21.1027,-52.3025,Daily Data,2022/01/14 1:31,2022/01/14 1:31
-21.1058,-52.296799,Daily Data,2022/01/14 1:36,2022/01/14 1:36
-21.108699,-52.289867,Daily Data,2022/01/14 1:43,2022/01/14 1:43
-21.115299,-52.292967,Daily Data,2022/01/14 1:44,2022/01/14 1:44
-21.106466,-52.299933,Travel Dispatch,2022/01/14 8:14,2022/01/14 8:14
-21.106599,-52.301133,Engine stop,2022/01/14 8:20,2022/01/14 8:20
-21.106566,-52.301133,End of movement,2022/01/14 8:33,2022/01/14 8:33
-21.110566,-52.285467,Travel Dispatch,2022/01/14 10:56,2022/01/14 10:56
-20.513666,-51.788699,Daily Data,2021/10/12 1:25,2021/10/12 1:25
-20.501833,-51.794666,Daily Data,2021/10/12 1:38,2021/10/12 1:38
-21.110499,-52.285366,End of movement,2022/01/14 11:47,2022/01/14 11:47
-21.111799,-52.286833,Daily Data,2022/01/15 1:16,2022/01/15 1:16
-20.512032,-51.791099,Daily Data,2021/10/12 1:41,2021/10/12 1:41
-20.513466,-51.788633,Daily Data,2021/10/12 1:42,2021/10/12 1:42
-20.509033,-51.787833,Travel Dispatch,2021/10/12 8:00,2021/10/12 8:00
-20.508166,-51.788567,End of movement,2021/10/12 8:10,2021/10/12 8:10
-20.506866,-51.788433,Engine stop,2021/10/12 16:54,2021/10/12 16:54
-20.5089,-51.788733,Daily Data,2021/10/13 1:14,2021/10/13 1:14
-20.504099,-51.793832,Daily Data,2021/10/13 1:39,2021/10/13 1:39
-20.513033,-51.791332,Daily Data,2021/10/13 1:42,2021/10/13 1:42
-20.5096,-51.7889,Daily Data,2021/10/13 1:43,2021/10/13 1:43
-20.5034,-51.7895,Travel Dispatch,2021/10/13 6:41,2021/10/13 6:41
-20.499933,-51.790233,End of movement,2021/10/13 6:51,2021/10/13 6:51
-20.500233,-51.790333,Engine stop,2021/10/13 7:43,2021/10/13 7:43
-20.5095,-51.789867,Daily Data,2021/10/14 1:15,2021/10/14 1:15
-20.5046,-51.792367,Daily Data,2021/10/14 1:27,2021/10/14 1:27
-20.499266,-51.790766,Daily Data,2021/10/14 1:40,2021/10/14 1:40
-20.513666,-51.790467,Daily Data,2021/10/14 1:43,2021/10/14 1:43
-20.501099,-51.790633,Daily Data,2021/10/14 1:44,2021/10/14 1:44
-20.509433,-51.792399,Travel Dispatch,2021/10/14 14:02,2021/10/14 14:02
-20.509333,-51.7925,End of movement,2021/10/14 14:12,2021/10/14 14:12
-20.508633,-51.7927,Engine stop,2021/10/14 15:12,2021/10/14 15:12
-21.110666,-52.288466,Daily Data,2022/01/15 1:28,2022/01/15 1:28
-20.421432,-51.723266,Travel Dispatch,2021/12/21 18:24,2021/12/21 18:24
-20.422066,-51.723366,End of movement,2021/12/21 18:34,2021/12/21 18:34
-20.4234,-51.722632,Travel Dispatch,2021/12/21 21:55,2021/12/21 21:55
-21.0969,-52.306332,Daily Data,2022/01/15 1:32,2022/01/15 1:32
-21.0984,-52.307166,Daily Data,2022/01/15 1:37,2022/01/15 1:37
-21.111366,-52.287533,Daily Data,2022/01/15 1:44,2022/01/15 1:44
-21.1126,-52.289299,Daily Data,2022/01/15 1:45,2022/01/15 1:45
-21.097566,-52.307967,Travel Dispatch,2022/01/15 2:46,2022/01/15 2:46
-21.097466,-52.308099,End of movement,2022/01/15 2:56,2022/01/15 2:56
-21.1096,-52.2832,Engine stop,2022/01/15 8:37,2022/01/15 8:37
-21.0975,-52.307133,Engine stop,2022/01/15 14:00,2022/01/15 14:00
-21.116033,-52.284299,Daily Data,2022/01/16 1:00,2022/01/16 1:00
-21.110333,-52.285333,Daily Data,2022/01/16 1:17,2022/01/16 1:17
-21.111633,-52.283766,Daily Data,2022/01/16 1:29,2022/01/16 1:29
-21.095333,-52.307199,Daily Data,2022/01/16 1:33,2022/01/16 1:33
-21.096599,-52.305233,Daily Data,2022/01/16 1:38,2022/01/16 1:38
-21.110599,-52.283232,Daily Data,2022/01/16 1:45,2022/01/16 1:45
-21.094366,-52.307833,Travel Dispatch,2022/01/16 2:57,2022/01/16 2:57
-21.094299,-52.307933,End of movement,2022/01/16 3:07,2022/01/16 3:07
-21.114466,-52.283499,Travel Dispatch,2022/01/16 7:25,2022/01/16 7:25
-21.0907,-52.304699,Engine stop,2022/01/16 7:51,2022/01/16 7:51
-21.114466,-52.283533,End of movement,2022/01/16 8:01,2022/01/16 8:01
-21.1052,-52.284733,Travel Dispatch,2022/01/16 14:56,2022/01/16 14:56
-21.1046,-52.285599,End of movement,2022/01/16 15:06,2022/01/16 15:06
-21.102733,-52.284933,Engine stop,2022/01/16 18:42,2022/01/16 18:42
-21.109666,-52.284867,Daily Data,2022/01/17 1:00,2022/01/17 1:00
-21.104666,-52.285366,Daily Data,2022/01/17 1:01,2022/01/17 1:01
-21.107766,-52.288966,Daily Data,2022/01/17 1:18,2022/01/17 1:18
-21.107899,-52.288866,Daily Data,2022/01/17 1:30,2022/01/17 1:30
-21.093033,-52.304733,Daily Data,2022/01/17 1:34,2022/01/17 1:34
-21.094133,-52.309466,Daily Data,2022/01/17 1:39,2022/01/17 1:39
-20.5038,-51.789099,Travel Dispatch,2021/10/14 18:27,2021/10/14 18:27
-20.504066,-51.788766,End of movement,2021/10/14 18:37,2021/10/14 18:37
-20.508567,-51.792632,Daily Data,2021/10/15 1:16,2021/10/15 1:16
-20.504066,-51.792266,Daily Data,2021/10/15 1:28,2021/10/15 1:28
-20.497899,-51.7913,Daily Data,2021/10/15 1:41,2021/10/15 1:41
-20.503266,-51.7889,Daily Data,2021/10/15 1:44,2021/10/15 1:44
-20.498099,-51.791866,Daily Data,2021/10/15 1:45,2021/10/15 1:45
-20.496599,-51.787333,Travel Dispatch,2021/10/15 9:49,2021/10/15 9:49
-20.5013,-51.785033,End of movement,2021/10/15 10:04,2021/10/15 10:04
-20.5002,-51.785766,Engine stop,2021/10/15 13:09,2021/10/15 13:09
-20.503599,-51.788099,Engine stop,2021/10/15 16:37,2021/10/15 16:37
-20.502466,-51.790132,Daily Data,2021/10/16 1:00,2021/10/16 1:00
-20.5089,-51.791799,Daily Data,2021/10/16 1:17,2021/10/16 1:17
-20.503466,-51.792166,Daily Data,2021/10/16 1:29,2021/10/16 1:29
-20.500132,-51.785999,Daily Data,2021/10/16 1:42,2021/10/16 1:42
-20.502933,-51.788166,Daily Data,2021/10/16 1:45,2021/10/16 1:45
-20.500333,-51.7902,Travel Dispatch,2021/10/16 23:37,2021/10/16 23:37
-20.500333,-51.7902,End of movement,2021/10/16 23:47,2021/10/16 23:47
-20.502066,-51.787933,Daily Data,2021/10/17 1:00,2021/10/17 1:00
-20.503366,-51.789899,Daily Data,2021/10/17 1:01,2021/10/17 1:01
-20.502166,-51.791332,Daily Data,2021/10/17 1:18,2021/10/17 1:18
-20.503599,-51.7909,Daily Data,2021/10/17 1:30,2021/10/17 1:30
-20.498733,-51.786833,Daily Data,2021/10/17 1:43,2021/10/17 1:43
-20.513066,-51.786733,Travel Dispatch,2021/10/17 17:29,2021/10/17 17:29
-20.513433,-51.786599,End of movement,2021/10/17 17:39,2021/10/17 17:39
-20.512666,-51.786766,Engine stop,2021/10/17 20:35,2021/10/17 20:35
-20.509333,-51.787733,Travel Dispatch,2021/10/17 21:38,2021/10/17 21:38
-20.513133,-51.782733,End of movement,2021/10/17 21:59,2021/10/17 21:59
-20.513633,-51.782899,Engine stop,2021/10/17 23:31,2021/10/17 23:31
-20.512166,-51.786133,Daily Data,2021/10/18 1:01,2021/10/18 1:01
-20.500566,-51.787533,Daily Data,2021/10/18 1:02,2021/10/18 1:02
-20.512533,-51.782833,Daily Data,2021/10/18 1:19,2021/10/18 1:19
-20.510666,-51.782833,Daily Data,2021/10/18 1:31,2021/10/18 1:31
-20.498633,-51.7877,Daily Data,2021/10/18 1:44,2021/10/18 1:44
-20.512032,-51.785,Daily Data,2021/10/19 1:02,2021/10/19 1:02
-20.5058,-51.782933,Daily Data,2021/10/19 1:03,2021/10/19 1:03
-20.512266,-51.783832,Daily Data,2021/10/19 1:20,2021/10/19 1:20
-20.513567,-51.784066,Daily Data,2021/10/19 1:32,2021/10/19 1:32
-20.4969,-51.788599,Daily Data,2021/10/19 1:45,2021/10/19 1:45
-20.504133,-51.777066,Travel Dispatch,2021/10/19 9:31,2021/10/19 9:31
-20.503832,-51.777299,End of movement,2021/10/19 9:41,2021/10/19 9:41
-20.504633,-51.778666,Engine start,2021/10/19 12:26,2021/10/19 12:26
-20.505166,-51.786067,Daily Data,2021/10/20 1:00,2021/10/20 1:00
-20.509699,-51.779566,Daily Data,2021/10/20 1:03,2021/10/20 1:03
-20.507166,-51.7877,Daily Data,2021/10/20 1:04,2021/10/20 1:04
-20.506866,-51.776466,Daily Data,2021/10/20 1:29,2021/10/20 1:29
-20.511199,-51.7858,Daily Data,2021/10/20 1:33,2021/10/20 1:33
-20.510299,-51.7864,Travel Dispatch,2021/10/20 18:15,2021/10/20 18:15
-20.511533,-51.787133,Engine stop,2021/10/20 18:19,2021/10/20 18:19
-20.510666,-51.786366,End of movement,2021/10/20 18:35,2021/10/20 18:35
-20.504833,-51.785066,Daily Data,2021/10/21 1:01,2021/10/21 1:01
-20.5084,-51.778966,Daily Data,2021/10/21 1:04,2021/10/21 1:04
-20.508232,-51.787133,Daily Data,2021/10/21 1:05,2021/10/21 1:05
-20.5064,-51.777367,Daily Data,2021/10/21 1:22,2021/10/21 1:22
-20.5096,-51.784766,Daily Data,2021/10/21 1:34,2021/10/21 1:34
-20.508932,-51.782233,Travel Dispatch,2021/10/21 8:03,2021/10/21 8:03
-20.509333,-51.782367,Engine stop,2021/10/21 8:04,2021/10/21 8:04
-20.509799,-51.775732,End of movement,2021/10/21 8:46,2021/10/21 8:46
-20.512367,-51.778966,Travel Dispatch,2021/10/21 9:44,2021/10/21 9:44
-20.504966,-51.7769,Engine stop,2021/10/21 10:03,2021/10/21 10:03
-20.505,-51.776833,End of movement,2021/10/21 10:10,2021/10/21 10:10
-20.511599,-51.776667,Travel Dispatch,2021/10/21 16:31,2021/10/21 16:31
-20.507632,-51.7763,Engine stop,2021/10/21 16:42,2021/10/21 16:42
-20.507632,-51.7763,End of movement,2021/10/21 16:48,2021/10/21 16:48
-20.508333,-51.776166,Daily Data,2021/10/22 1:02,2021/10/22 1:02
-20.5096,-51.777433,Daily Data,2021/10/22 1:05,2021/10/22 1:05
-20.507999,-51.7764,Daily Data,2021/10/22 1:06,2021/10/22 1:06
-20.504867,-51.7775,Daily Data,2021/10/22 1:23,2021/10/22 1:23
-20.507733,-51.778599,Daily Data,2021/10/22 1:35,2021/10/22 1:35
-20.511332,-51.777,Travel Dispatch,2021/10/22 3:38,2021/10/22 3:38
-20.511733,-51.776733,End of movement,2021/10/22 3:48,2021/10/22 3:48
-20.511699,-51.776766,Engine stop,2021/10/22 3:54,2021/10/22 3:54
-21.010533,-52.470233,Travel Dispatch,2021/11/18 22:00,2021/11/18 22:00
-21.005433,-52.469933,End of movement,2021/11/18 22:16,2021/11/18 22:16
-21.012333,-52.4708,Travel Dispatch,2021/11/18 22:35,2021/11/18 22:35
-21.005566,-52.469867,End of movement,2021/11/18 22:51,2021/11/18 22:51
-21.013099,-52.471466,Travel Dispatch,2021/11/18 23:09,2021/11/18 23:09
-21.011733,-52.472199,End of movement,2021/11/18 23:19,2021/11/18 23:19
-21.004666,-52.470499,Engine stop,2021/11/18 23:50,2021/11/18 23:50
-21.0088,-52.471332,Daily Data,2021/11/19 1:05,2021/11/19 1:05
-21.008699,-52.4714,Engine stop,2021/11/19 1:11,2021/11/19 1:11
-21.009133,-52.4707,Daily Data,2021/11/19 1:17,2021/11/19 1:17
-21.005066,-52.470266,Daily Data,2021/11/19 1:30,2021/11/19 1:30
-21.011466,-52.4721,Daily Data,2021/11/19 1:33,2021/11/19 1:33
-21.004966,-52.470066,Daily Data,2021/11/19 1:34,2021/11/19 1:34
-21.0044,-52.470233,Engine stop,2021/11/19 10:17,2021/11/19 10:17
-21.007466,-52.469266,Engine stop,2021/11/19 10:17,2021/11/19 10:17
-21.007066,-52.469933,Travel Dispatch,2021/11/19 16:15,2021/11/19 16:15
-21.007066,-52.469966,End of movement,2021/11/19 16:25,2021/11/19 16:25
-21.007066,-52.4719,Travel Dispatch,2021/11/19 20:01,2021/11/19 20:01
-21.006966,-52.471933,End of movement,2021/11/19 20:11,2021/11/19 20:11
-21.0063,-52.4715,Daily Data,2021/11/20 1:06,2021/11/20 1:06
-21.005132,-52.471366,Daily Data,2021/11/20 1:18,2021/11/20 1:18
-21.006432,-52.470366,Daily Data,2021/11/20 1:31,2021/11/20 1:31
-21.0095,-52.472032,Daily Data,2021/11/20 1:34,2021/11/20 1:34
-21.004199,-52.470033,Daily Data,2021/11/20 1:35,2021/11/20 1:35
-20.512833,-51.774933,Travel Dispatch,2021/10/22 9:24,2021/10/22 9:24
-20.515,-51.7745,Engine stop,2021/10/22 9:31,2021/10/22 9:31
-20.514966,-51.7745,End of movement,2021/10/22 9:43,2021/10/22 9:43
-20.5138,-51.777666,Daily Data,2021/10/23 1:03,2021/10/23 1:03
-20.513932,-51.778099,Daily Data,2021/10/23 1:06,2021/10/23 1:06
-20.512799,-51.775433,Daily Data,2021/10/23 1:07,2021/10/23 1:07
-20.513733,-51.775266,Daily Data,2021/10/23 1:24,2021/10/23 1:24
-20.504566,-51.777799,Daily Data,2021/10/23 1:36,2021/10/23 1:36
-20.5144,-51.775299,Travel Dispatch,2021/10/23 5:37,2021/10/23 5:37
-20.5145,-51.775299,End of movement,2021/10/23 5:47,2021/10/23 5:47
-20.515766,-51.774867,Engine stop,2021/10/23 7:55,2021/10/23 7:55
-20.5119,-51.776466,Daily Data,2021/10/24 1:04,2021/10/24 1:04
-20.512566,-51.779233,Daily Data,2021/10/24 1:07,2021/10/24 1:07
-20.513066,-51.7764,Daily Data,2021/10/24 1:08,2021/10/24 1:08
-20.515599,-51.775833,Daily Data,2021/10/24 1:25,2021/10/24 1:25
-20.5165,-51.775266,Daily Data,2021/10/24 1:37,2021/10/24 1:37
-20.5188,-51.775933,Travel Dispatch,2021/10/24 17:29,2021/10/24 17:29
-20.518466,-51.776366,End of movement,2021/10/24 17:39,2021/10/24 17:39
-20.516633,-51.7764,Travel Dispatch,2021/10/24 21:41,2021/10/24 21:41
-20.516667,-51.776332,End of movement,2021/10/24 21:51,2021/10/24 21:51
-20.517933,-51.775633,Engine stop,2021/10/24 23:58,2021/10/24 23:58
-20.517266,-51.774033,Daily Data,2021/10/25 1:05,2021/10/25 1:05
-20.5132,-51.779833,Daily Data,2021/10/25 1:08,2021/10/25 1:08
-20.519099,-51.775866,Daily Data,2021/10/25 1:09,2021/10/25 1:09
-20.517266,-51.776366,Daily Data,2021/10/25 1:26,2021/10/25 1:26
-20.516667,-51.777,Daily Data,2021/10/25 1:38,2021/10/25 1:38
-20.519033,-51.775966,Engine stop,2021/10/25 3:32,2021/10/25 3:32
-20.5188,-51.777166,Daily Data,2021/10/26 1:10,2021/10/26 1:10
-20.516667,-51.778733,Daily Data,2021/10/26 1:27,2021/10/26 1:27
-20.520999,-51.774366,Daily Data,2021/10/26 1:39,2021/10/26 1:39
-20.481366,-51.782166,Travel Dispatch,2021/12/01 15:29,2021/12/01 15:29
-20.519867,-51.772999,Travel Dispatch,2021/12/23 16:52,2021/12/23 16:52
-20.4233,-51.7226,End of movement,2021/12/21 22:05,2021/12/21 22:05
-20.421966,-51.722166,Engine stop,2021/12/22 0:34,2021/12/22 0:34
-20.423766,-51.723533,Daily Data,2021/12/22 1:04,2021/12/22 1:04
-20.421366,-51.724299,Daily Data,2021/12/22 1:17,2021/12/22 1:17
-20.421966,-51.7221,Daily Data,2021/12/22 1:20,2021/12/22 1:20
-20.422433,-51.7245,Daily Data,2021/12/22 1:21,2021/12/22 1:21
-20.423033,-51.7239,Daily Data,2021/12/22 1:38,2021/12/22 1:38
-20.427367,-51.720499,Engine stop,2021/12/22 7:19,2021/12/22 7:19
-20.424099,-51.712999,Travel Dispatch,2021/12/22 10:46,2021/12/22 10:46
-20.424033,-51.712933,End of movement,2021/12/22 10:56,2021/12/22 10:56
-20.4252,-51.712032,Engine stop,2021/12/22 11:52,2021/12/22 11:52
-20.422,-51.721933,Engine stop,2021/12/22 12:00,2021/12/22 12:00
-20.4269,-51.719799,Daily Data,2021/12/23 1:05,2021/12/23 1:05
-20.423466,-51.719133,Daily Data,2021/12/23 1:18,2021/12/23 1:18
-20.4238,-51.7126,Daily Data,2021/12/23 1:21,2021/12/23 1:21
-20.424366,-51.718533,Daily Data,2021/12/23 1:39,2021/12/23 1:39
-20.425933,-51.717866,Travel Dispatch,2021/12/23 7:29,2021/12/23 7:29
-20.425666,-51.718466,End of movement,2021/12/23 7:52,2021/12/23 7:52
-20.424566,-51.713766,Travel Dispatch,2021/12/23 12:07,2021/12/23 12:07
-20.423533,-51.711966,End of movement,2021/12/23 12:17,2021/12/23 12:17
-20.424066,-51.716799,Travel Dispatch,2021/12/23 12:53,2021/12/23 12:53
-20.4246,-51.7132,End of movement,2021/12/23 13:03,2021/12/23 13:03
-20.423733,-51.712,Engine stop,2021/12/23 15:07,2021/12/23 15:07